Yr,Mn,Date_excel,Date,CO2_ppm,seasonally_adjusted_ppm,fit_ppm,seasonally_adjusted_fit,CO2_filled_ppm,seasonally_adjusted_filled_ppm
1958,1,21200,1958.0411,-99.99,-99.99,-99.99,-99.99,-99.99,-99.99
1958,2,21231,1958.126,-99.99,-99.99,-99.99,-99.99,-99.99,-99.99
1958,3,21259,1958.2027,315.7,314.43,316.18,314.9,315.7,314.43
1958,4,21290,1958.2877,317.45,315.16,317.29,314.98,317.45,315.16
1958,5,21320,1958.3699,317.51,314.72,317.84,315.06,317.51,314.72
1958,6,21351,1958.4548,-99.99,-99.99,317.23,315.14,317.23,315.14
1958,7,21381,1958.537,315.86,315.18,315.87,315.21,315.86,315.18
1958,8,21412,1958.6219,314.93,316.17,314.01,315.29,314.93,316.17
1958,9,21443,1958.7068,313.2,316.07,312.47,315.35,313.2,316.07
1958,10,21473,1958.789,-99.99,-99.99,312.44,315.4,312.44,315.4
1958,11,21504,1958.874,313.33,315.2,313.61,315.46,313.33,315.2
1958,12,21534,1958.9562,314.67,315.44,314.76,315.51,314.67,315.44
1959,1,21565,1959.0411,315.58,315.55,315.61,315.57,315.58,315.55
1959,2,21596,1959.126,316.48,315.87,316.25,315.63,316.48,315.87
1959,3,21624,1959.2027,316.65,315.37,316.98,315.69,316.65,315.37
1959,4,21655,1959.2877,317.72,315.41,318.09,315.76,317.72,315.41
1959,5,21685,1959.3699,318.29,315.5,318.64,315.84,318.29,315.5
1959,6,21716,1959.4548,318.15,316.03,318.03,315.93,318.15,316.03
1959,7,21746,1959.537,316.54,315.85,316.68,316.02,316.54,315.85
1959,8,21777,1959.6219,314.8,316.05,314.84,316.12,314.8,316.05
1959,9,21808,1959.7068,313.84,316.71,313.32,316.22,313.84,316.71
1959,10,21838,1959.789,313.33,316.32,313.33,316.3,313.33,316.32
1959,11,21869,1959.874,314.81,316.69,314.54,316.39,314.81,316.69
1959,12,21899,1959.9562,315.58,316.36,315.72,316.47,315.58,316.36
1960,1,21930,1960.041,316.43,316.4,316.59,316.56,316.43,316.4
1960,2,21961,1960.1257,316.98,316.36,317.26,316.64,316.98,316.36
1960,3,21990,1960.2049,317.58,316.28,318.03,316.72,317.58,316.28
1960,4,22021,1960.2896,319.03,316.7,319.15,316.8,319.03,316.7
1960,5,22051,1960.3716,320.03,317.23,319.67,316.87,320.03,317.23
1960,6,22082,1960.4563,319.59,317.48,319.02,316.93,319.59,317.48
1960,7,22112,1960.5383,318.18,317.51,317.61,316.98,318.18,317.51
1960,8,22143,1960.623,315.9,317.18,315.7,317.01,315.9,317.18
1960,9,22174,1960.7077,314.17,317.06,314.13,317.04,314.17,317.06
1960,10,22204,1960.7896,313.83,316.83,314.09,317.07,313.83,316.83
1960,11,22235,1960.8743,315,316.88,315.25,317.1,315,316.88
1960,12,22265,1960.9563,316.19,316.96,316.39,317.14,316.19,316.96
1961,1,22296,1961.0411,316.9,316.87,317.23,317.19,316.9,316.87
1961,2,22327,1961.126,317.7,317.09,317.88,317.26,317.7,317.09
1961,3,22355,1961.2027,318.54,317.25,318.63,317.33,318.54,317.25
1961,4,22386,1961.2877,319.48,317.15,319.75,317.41,319.48,317.15
1961,5,22416,1961.3699,320.58,317.77,320.31,317.5,320.58,317.77
1961,6,22447,1961.4548,319.77,317.64,319.7,317.59,319.77,317.64
1961,7,22477,1961.537,318.57,317.88,318.34,317.68,318.57,317.88
1961,8,22508,1961.6219,316.79,318.05,316.47,317.76,316.79,318.05
1961,9,22539,1961.7068,314.99,317.88,314.93,317.85,314.99,317.88
1961,10,22569,1961.789,315.31,318.32,314.92,317.92,315.31,318.32
1961,11,22600,1961.874,316.1,317.99,316.12,317.99,316.1,317.99
1961,12,22630,1961.9562,317.01,317.79,317.3,318.06,317.01,317.79
1962,1,22661,1962.0411,317.94,317.92,318.16,318.13,317.94,317.92
1962,2,22692,1962.126,318.55,317.93,318.82,318.19,318.55,317.93
1962,3,22720,1962.2027,319.68,318.39,319.56,318.26,319.68,318.39
1962,4,22751,1962.2877,320.57,318.24,320.67,318.32,320.57,318.24
1962,5,22781,1962.3699,321.02,318.19,321.21,318.39,321.02,318.19
1962,6,22812,1962.4548,320.62,318.48,320.57,318.45,320.62,318.48
1962,7,22842,1962.537,319.61,318.92,319.17,318.5,319.61,318.92
1962,8,22873,1962.6219,317.4,318.67,317.26,318.56,317.4,318.67
1962,9,22904,1962.7068,316.25,319.15,315.68,318.6,316.25,319.15
1962,10,22934,1962.789,315.42,318.44,315.63,318.64,315.42,318.44
1962,11,22965,1962.874,316.69,318.59,316.8,318.68,316.69,318.59
1962,12,22995,1962.9562,317.7,318.48,317.95,318.72,317.7,318.48
1963,1,23026,1963.0411,318.74,318.71,318.8,318.76,318.74,318.71
1963,2,23057,1963.126,319.07,318.45,319.44,318.81,319.07,318.45
1963,3,23085,1963.2027,319.86,318.57,320.16,318.85,319.86,318.57
1963,4,23116,1963.2877,321.38,319.04,321.26,318.91,321.38,319.04
1963,5,23146,1963.3699,322.25,319.41,321.79,318.96,322.25,319.41
1963,6,23177,1963.4548,321.48,319.33,321.14,319.01,321.48,319.33
1963,7,23207,1963.537,319.74,319.04,319.72,319.05,319.74,319.04
1963,8,23238,1963.6219,317.77,319.04,317.79,319.1,317.77,319.04
1963,9,23269,1963.7068,316.21,319.13,316.2,319.14,316.21,319.13
1963,10,23299,1963.789,315.99,319.02,316.16,319.18,315.99,319.02
1963,11,23330,1963.874,317.07,318.97,317.34,319.22,317.07,318.97
1963,12,23360,1963.9562,318.35,319.13,318.5,319.27,318.35,319.13
1964,1,23391,1964.041,319.57,319.54,319.35,319.32,319.57,319.54
1964,2,23422,1964.1257,-99.99,-99.99,319.99,319.36,319.99,319.36
1964,3,23451,1964.2049,-99.99,-99.99,320.74,319.41,320.74,319.41
1964,4,23482,1964.2896,-99.99,-99.99,321.84,319.45,321.84,319.45
1964,5,23512,1964.3716,322.25,319.41,322.33,319.49,322.25,319.41
1964,6,23543,1964.4563,321.89,319.75,321.64,319.53,321.89,319.75
1964,7,23573,1964.5383,320.44,319.76,320.2,319.56,320.44,319.76
1964,8,23604,1964.623,318.69,319.99,318.25,319.58,318.69,319.99
1964,9,23635,1964.7077,316.7,319.64,316.65,319.6,316.7,319.64
1964,10,23665,1964.7896,316.87,319.91,316.59,319.62,316.87,319.91
1964,11,23696,1964.8743,317.68,319.58,317.75,319.63,317.68,319.58
1964,12,23726,1964.9563,318.71,319.49,318.89,319.65,318.71,319.49
1965,1,23757,1965.0411,319.44,319.41,319.72,319.68,319.44,319.41
1965,2,23788,1965.126,320.44,319.82,320.35,319.72,320.44,319.82
1965,3,23816,1965.2027,320.89,319.59,321.08,319.76,320.89,319.59
1965,4,23847,1965.2877,322.14,319.78,322.2,319.83,322.14,319.78
1965,5,23877,1965.3699,322.17,319.31,322.76,319.9,322.17,319.31
1965,6,23908,1965.4548,321.87,319.71,322.14,319.99,321.87,319.71
1965,7,23938,1965.537,321.21,320.5,320.77,320.09,321.21,320.5
1965,8,23969,1965.6219,318.87,320.14,318.89,320.2,318.87,320.14
1965,9,24000,1965.7068,317.82,320.75,317.36,320.32,317.82,320.75
1965,10,24030,1965.789,317.3,320.36,317.39,320.43,317.3,320.36
1965,11,24061,1965.874,318.87,320.78,318.65,320.55,318.87,320.78
1965,12,24091,1965.9562,319.42,320.2,319.89,320.66,319.42,320.2
1966,1,24122,1966.0411,320.62,320.6,320.82,320.78,320.62,320.6
1966,2,24153,1966.126,321.59,320.97,321.54,320.91,321.59,320.97
1966,3,24181,1966.2027,322.39,321.08,322.34,321.01,322.39,321.08
1966,4,24212,1966.2877,323.7,321.33,323.51,321.12,323.7,321.33
1966,5,24242,1966.3699,324.08,321.21,324.09,321.23,324.08,321.21
1966,6,24273,1966.4548,323.75,321.58,323.48,321.32,323.75,321.58
1966,7,24303,1966.537,322.38,321.68,322.08,321.41,322.38,321.68
1966,8,24334,1966.6219,320.36,321.64,320.17,321.48,320.36,321.64
1966,9,24365,1966.7068,318.64,321.59,318.59,321.55,318.64,321.59
1966,10,24395,1966.789,318.1,321.17,318.57,321.62,318.1,321.17
1966,11,24426,1966.874,319.78,321.71,319.78,321.68,319.78,321.71
1966,12,24456,1966.9562,321.03,321.82,320.97,321.74,321.03,321.82
1967,1,24487,1967.0411,322.33,322.3,321.84,321.8,322.33,322.3
1967,2,24518,1967.126,322.5,321.87,322.49,321.85,322.5,321.87
1967,3,24546,1967.2027,323.04,321.73,323.23,321.9,323.04,321.73
1967,4,24577,1967.2877,324.42,322.04,324.35,321.96,324.42,322.04
1967,5,24607,1967.3699,325,322.12,324.89,322.01,325,322.12
1967,6,24638,1967.4548,324.09,321.91,324.23,322.07,324.09,321.91
1967,7,24668,1967.537,322.54,321.84,322.81,322.13,322.54,321.84
1967,8,24699,1967.6219,320.92,322.2,320.88,322.2,320.92,322.2
1967,9,24730,1967.7068,319.25,322.21,319.29,322.27,319.25,322.21
1967,10,24760,1967.789,319.39,322.47,319.28,322.34,319.39,322.47
1967,11,24791,1967.874,320.73,322.66,320.51,322.42,320.73,322.66
1967,12,24821,1967.9562,321.96,322.75,321.72,322.49,321.96,322.75
1968,1,24852,1968.041,322.57,322.54,322.61,322.57,322.57,322.54
1968,2,24883,1968.1257,323.14,322.52,323.29,322.65,323.14,322.52
1968,3,24912,1968.2049,323.89,322.55,324.09,322.73,323.89,322.55
1968,4,24943,1968.2896,325.02,322.62,325.24,322.82,325.02,322.62
1968,5,24973,1968.3716,325.57,322.68,325.8,322.92,325.57,322.68
1968,6,25004,1968.4563,325.36,323.19,325.18,323.03,325.36,323.19
1968,7,25034,1968.5383,324.14,323.45,323.79,323.13,324.14,323.45
1968,8,25065,1968.623,322.11,323.43,321.9,323.25,322.11,323.43
1968,9,25096,1968.7077,320.33,323.31,320.37,323.37,320.33,323.31
1968,10,25126,1968.7896,320.25,323.33,320.41,323.48,320.25,323.33
1968,11,25157,1968.8743,321.32,323.26,321.7,323.61,321.32,323.26
1968,12,25187,1968.9563,322.89,323.69,322.96,323.74,322.89,323.69
1969,1,25218,1969.0411,324,323.98,323.92,323.88,324,323.98
1969,2,25249,1969.126,324.42,323.78,324.67,324.03,324.42,323.78
1969,3,25277,1969.2027,325.63,324.31,325.5,324.16,325.63,324.31
1969,4,25308,1969.2877,326.66,324.27,326.71,324.3,326.66,324.27
1969,5,25338,1969.3699,327.38,324.48,327.34,324.44,327.38,324.48
1969,6,25369,1969.4548,326.71,324.51,326.75,324.57,326.71,324.51
1969,7,25399,1969.537,325.88,325.17,325.37,324.69,325.88,325.17
1969,8,25430,1969.6219,323.66,324.96,323.47,324.8,323.66,324.96
1969,9,25461,1969.7068,322.38,325.36,321.91,324.9,322.38,325.36
1969,10,25491,1969.789,321.78,324.88,321.91,324.99,321.78,324.88
1969,11,25522,1969.874,322.85,324.8,323.15,325.08,322.85,324.8
1969,12,25552,1969.9562,324.12,324.91,324.37,325.16,324.12,324.91
1970,1,25583,1970.0411,325.06,325.04,325.28,325.24,325.06,325.04
1970,2,25614,1970.126,325.98,325.35,325.97,325.32,325.98,325.35
1970,3,25642,1970.2027,326.93,325.6,326.74,325.39,326.93,325.6
1970,4,25673,1970.2877,328.14,325.74,327.89,325.47,328.14,325.74
1970,5,25703,1970.3699,328.08,325.17,328.46,325.55,328.08,325.17
1970,6,25734,1970.4548,327.67,325.46,327.81,325.63,327.67,325.46
1970,7,25764,1970.537,326.34,325.63,326.39,325.7,326.34,325.63
1970,8,25795,1970.6219,324.69,325.99,324.44,325.77,324.69,325.99
1970,9,25826,1970.7068,323.1,326.09,322.82,325.83,323.1,326.09
1970,10,25856,1970.789,323.07,326.18,322.79,325.88,323.07,326.18
1970,11,25887,1970.874,324.01,325.96,324,325.93,324.01,325.96
1970,12,25917,1970.9562,325.13,325.93,325.18,325.97,325.13,325.93
1971,1,25948,1971.0411,326.17,326.14,326.05,326.01,326.17,326.14
1971,2,25979,1971.126,326.68,326.04,326.69,326.05,326.68,326.04
1971,3,26007,1971.2027,327.17,325.84,327.43,326.08,327.17,325.84
1971,4,26038,1971.2877,327.79,325.38,328.56,326.13,327.79,325.38
1971,5,26068,1971.3699,328.92,326.01,329.11,326.19,328.92,326.01
1971,6,26099,1971.4548,328.57,326.36,328.45,326.26,328.57,326.36
1971,7,26129,1971.537,327.36,326.64,327.02,326.33,327.36,326.64
1971,8,26160,1971.6219,325.43,326.73,325.06,326.4,325.43,326.73
1971,9,26191,1971.7068,323.36,326.36,323.45,326.47,323.36,326.36
1971,10,26221,1971.789,323.56,326.68,323.44,326.54,323.56,326.68
1971,11,26252,1971.874,324.8,326.75,324.68,326.62,324.8,326.75
1971,12,26282,1971.9562,326.01,326.82,325.91,326.7,326.01,326.82
1972,1,26313,1972.041,326.77,326.74,326.82,326.78,326.77,326.74
1972,2,26344,1972.1257,327.63,326.99,327.52,326.87,327.63,326.99
1972,3,26373,1972.2049,327.75,326.39,328.35,326.97,327.75,326.39
1972,4,26404,1972.2896,329.73,327.28,329.55,327.09,329.73,327.28
1972,5,26434,1972.3716,330.07,327.14,330.14,327.22,330.07,327.14
1972,6,26465,1972.4563,329.09,326.89,329.55,327.37,329.09,326.89
1972,7,26495,1972.5383,328.04,327.35,328.19,327.53,328.04,327.35
1972,8,26526,1972.623,326.32,327.66,326.34,327.71,326.32,327.66
1972,9,26557,1972.7077,324.84,327.86,324.86,327.9,324.84,327.86
1972,10,26587,1972.7896,325.2,328.33,324.98,328.1,325.2,328.33
1972,11,26618,1972.8743,326.5,328.46,326.36,328.3,326.5,328.46
1972,12,26648,1972.9563,327.55,328.36,327.72,328.51,327.55,328.36
1973,1,26679,1973.0411,328.55,328.52,328.75,328.72,328.55,328.52
1973,2,26710,1973.126,329.56,328.92,329.58,328.92,329.56,328.92
1973,3,26738,1973.2027,330.3,328.96,330.47,329.11,330.3,328.96
1973,4,26769,1973.2877,331.5,329.07,331.75,329.3,331.5,329.07
1973,5,26799,1973.3699,332.48,329.54,332.42,329.48,332.48,329.54
1973,6,26830,1973.4548,332.07,329.84,331.85,329.64,332.07,329.84
1973,7,26860,1973.537,330.87,330.15,330.47,329.78,330.87,330.15
1973,8,26891,1973.6219,329.31,330.62,328.54,329.88,329.31,330.62
1973,9,26922,1973.7068,327.51,330.54,326.92,329.96,327.51,330.54
1973,10,26952,1973.789,327.18,330.32,326.88,330.01,327.18,330.32
1973,11,26983,1973.874,328.16,330.13,328.1,330.05,328.16,330.13
1973,12,27013,1973.9562,328.64,329.45,329.27,330.07,328.64,329.45
1974,1,27044,1974.0411,329.35,329.32,330.13,330.09,329.35,329.32
1974,2,27075,1974.126,330.71,330.06,330.77,330.11,330.71,330.06
1974,3,27103,1974.2027,331.48,330.13,331.5,330.14,331.48,330.13
1974,4,27134,1974.2877,332.65,330.21,332.62,330.17,332.65,330.21
1974,5,27164,1974.3699,333.09,330.14,333.16,330.21,333.09,330.14
1974,6,27195,1974.4548,332.25,330.01,332.47,330.26,332.25,330.01
1974,7,27225,1974.537,331.18,330.45,331,330.3,331.18,330.45
1974,8,27256,1974.6219,329.39,330.71,329,330.36,329.39,330.71
1974,9,27287,1974.7068,327.43,330.47,327.35,330.41,327.43,330.47
1974,10,27317,1974.789,327.37,330.52,327.32,330.46,327.37,330.52
1974,11,27348,1974.874,328.46,330.44,328.56,330.52,328.46,330.44
1974,12,27378,1974.9562,329.57,330.39,329.78,330.58,329.57,330.39
1975,1,27409,1975.0411,330.4,330.37,330.69,330.65,330.4,330.37
1975,2,27440,1975.126,331.4,330.76,331.39,330.73,331.4,330.76
1975,3,27468,1975.2027,332.04,330.69,332.18,330.81,332.04,330.69
1975,4,27499,1975.2877,333.31,330.87,333.37,330.91,333.31,330.87
1975,5,27529,1975.3699,333.97,331.01,333.96,331,333.97,331.01
1975,6,27560,1975.4548,333.6,331.36,333.33,331.1,333.6,331.36
1975,7,27590,1975.537,331.9,331.18,331.9,331.2,331.9,331.18
1975,8,27621,1975.6219,330.06,331.38,329.94,331.29,330.06,331.38
1975,9,27652,1975.7068,328.56,331.6,328.32,331.39,328.56,331.6
1975,10,27682,1975.789,328.34,331.5,328.32,331.47,328.34,331.5
1975,11,27713,1975.874,329.49,331.47,329.59,331.56,329.49,331.47
1975,12,27743,1975.9562,330.76,331.58,330.84,331.64,330.76,331.58
1976,1,27774,1976.041,331.75,331.72,331.76,331.72,331.75,331.72
1976,2,27805,1976.1257,332.56,331.92,332.46,331.8,332.56,331.92
1976,3,27834,1976.2049,333.5,332.12,333.27,331.87,333.5,332.12
1976,4,27865,1976.2896,334.58,332.11,334.44,331.95,334.58,332.11
1976,5,27895,1976.3716,334.88,331.91,334.99,332.02,334.88,331.91
1976,6,27926,1976.4563,334.33,332.11,334.32,332.11,334.33,332.11
1976,7,27956,1976.5383,333.05,332.35,332.86,332.19,333.05,332.35
1976,8,27987,1976.623,330.94,332.3,330.89,332.28,330.94,332.3
1976,9,28018,1976.7077,329.3,332.37,329.3,332.38,329.3,332.37
1976,10,28048,1976.7896,328.94,332.11,329.34,332.5,328.94,332.11
1976,11,28079,1976.8743,330.31,332.3,330.66,332.63,330.31,332.3
1976,12,28109,1976.9563,331.68,332.5,331.97,332.77,331.68,332.5
1977,1,28140,1977.0411,332.93,332.9,332.97,332.93,332.93,332.9
1977,2,28171,1977.126,333.42,332.77,333.76,333.1,333.42,332.77
1977,3,28199,1977.2027,334.7,333.34,334.64,333.27,334.7,333.34
1977,4,28230,1977.2877,336.07,333.61,335.93,333.45,336.07,333.61
1977,5,28260,1977.3699,336.75,333.77,336.61,333.63,336.75,333.77
1977,6,28291,1977.4548,336.27,334.01,336.06,333.82,336.27,334.01
1977,7,28321,1977.537,334.92,334.19,334.69,333.99,334.92,334.19
1977,8,28352,1977.6219,332.75,334.09,332.79,334.15,332.75,334.09
1977,9,28383,1977.7068,331.59,334.66,331.23,334.31,331.59,334.66
1977,10,28413,1977.789,331.16,334.35,331.28,334.46,331.16,334.35
1977,11,28444,1977.874,332.4,334.4,332.62,334.6,332.4,334.4
1977,12,28474,1977.9562,333.85,334.67,333.93,334.74,333.85,334.67
1978,1,28505,1978.0411,334.97,334.94,334.92,334.88,334.97,334.94
1978,2,28536,1978.126,335.38,334.73,335.67,335.01,335.38,334.73
1978,3,28564,1978.2027,336.64,335.28,336.51,335.13,336.64,335.28
1978,4,28595,1978.2877,337.76,335.29,337.74,335.25,337.76,335.29
1978,5,28625,1978.3699,338.01,335.02,338.36,335.37,338.01,335.02
1978,6,28656,1978.4548,337.89,335.63,337.74,335.49,337.89,335.63
1978,7,28686,1978.537,336.54,335.81,336.3,335.59,336.54,335.81
1978,8,28717,1978.6219,334.68,336.02,334.33,335.7,334.68,336.02
1978,9,28748,1978.7068,332.76,335.84,332.7,335.8,332.76,335.84
1978,10,28778,1978.789,332.55,335.74,332.7,335.89,332.55,335.74
1978,11,28809,1978.874,333.92,335.93,334,335.98,333.92,335.93
1978,12,28839,1978.9562,334.95,335.77,335.27,336.08,334.95,335.77
1979,1,28870,1979.0411,336.23,336.2,336.23,336.19,336.23,336.2
1979,2,28901,1979.126,336.76,336.1,336.97,336.3,336.76,336.1
1979,3,28929,1979.2027,337.96,336.59,337.79,336.41,337.96,336.59
1979,4,28960,1979.2877,338.88,336.41,339.03,336.54,338.88,336.41
1979,5,28990,1979.3699,339.47,336.47,339.66,336.66,339.47,336.47
1979,6,29021,1979.4548,339.29,337.01,339.05,336.8,339.29,337.01
1979,7,29051,1979.537,337.73,336.99,337.64,336.93,337.73,336.99
1979,8,29082,1979.6219,336.09,337.43,335.7,337.07,336.09,337.43
1979,9,29113,1979.7068,333.92,337,334.11,337.22,333.92,337
1979,10,29143,1979.789,333.86,337.07,334.17,337.36,333.86,337.07
1979,11,29174,1979.874,335.29,337.31,335.53,337.52,335.29,337.31
1979,12,29204,1979.9562,336.73,337.56,336.87,337.68,336.73,337.56
1980,1,29235,1980.041,338.01,337.99,337.89,337.85,338.01,337.99
1980,2,29266,1980.1257,338.36,337.7,338.68,338.02,338.36,337.7
1980,3,29295,1980.2049,340.07,338.68,339.59,338.17,340.07,338.68
1980,4,29326,1980.2896,340.77,338.26,340.86,338.33,340.77,338.26
1980,5,29356,1980.3716,341.47,338.46,341.49,338.48,341.47,338.46
1980,6,29387,1980.4563,341.17,338.91,340.87,338.63,341.17,338.91
1980,7,29417,1980.5383,339.56,338.85,339.45,338.77,339.56,338.85
1980,8,29448,1980.623,337.6,338.97,337.49,338.9,337.6,338.97
1980,9,29479,1980.7077,335.88,338.99,335.89,339.02,335.88,338.99
1980,10,29509,1980.7896,336.02,339.23,335.93,339.13,336.02,339.23
1980,11,29540,1980.8743,337.1,339.12,337.24,339.24,337.1,339.12
1980,12,29570,1980.9563,338.21,339.04,338.53,339.34,338.21,339.04
1981,1,29601,1981.0411,339.24,339.21,339.48,339.44,339.24,339.21
1981,2,29632,1981.126,340.48,339.81,340.22,339.55,340.48,339.81
1981,3,29660,1981.2027,341.38,340,341.03,339.63,341.38,340
1981,4,29691,1981.2877,342.51,340.01,342.23,339.72,342.51,340.01
1981,5,29721,1981.3699,342.91,339.89,342.83,339.81,342.91,339.89
1981,6,29752,1981.4548,342.25,339.96,342.16,339.89,342.25,339.96
1981,7,29782,1981.537,340.49,339.74,340.68,339.97,340.49,339.74
1981,8,29813,1981.6219,338.43,339.78,338.68,340.06,338.43,339.78
1981,9,29844,1981.7068,336.69,339.8,337.03,340.16,336.69,339.8
1981,10,29874,1981.789,336.86,340.09,337.04,340.26,336.86,340.09
1981,11,29905,1981.874,338.36,340.39,338.37,340.37,338.36,340.39
1981,12,29935,1981.9562,339.61,340.45,339.67,340.48,339.61,340.45
1982,1,29966,1982.0411,340.75,340.72,340.63,340.59,340.75,340.72
1982,2,29997,1982.126,341.61,340.95,341.37,340.7,341.61,340.95
1982,3,30025,1982.2027,342.7,341.32,342.19,340.79,342.7,341.32
1982,4,30056,1982.2877,343.57,341.06,343.4,340.88,343.57,341.06
1982,5,30086,1982.3699,344.14,341.11,343.99,340.96,344.14,341.11
1982,6,30117,1982.4548,343.35,341.05,343.32,341.04,343.35,341.05
1982,7,30147,1982.537,342.06,341.31,341.83,341.11,342.06,341.31
1982,8,30178,1982.6219,339.81,341.17,339.8,341.19,339.81,341.17
1982,9,30209,1982.7068,337.98,341.1,338.14,341.28,337.98,341.1
1982,10,30239,1982.789,337.86,341.1,338.14,341.37,337.86,341.1
1982,11,30270,1982.874,339.26,341.3,339.47,341.49,339.26,341.3
1982,12,30300,1982.9562,340.49,341.32,340.8,341.62,340.49,341.32
1983,1,30331,1983.0411,341.38,341.35,341.81,341.77,341.38,341.35
1983,2,30362,1983.126,342.52,341.86,342.62,341.94,342.52,341.86
1983,3,30390,1983.2027,343.1,341.71,343.51,342.11,343.1,341.71
1983,4,30421,1983.2877,344.94,342.43,344.83,342.3,344.94,342.43
1983,5,30451,1983.3699,345.76,342.71,345.54,342.49,345.76,342.71
1983,6,30482,1983.4548,345.32,343.01,344.97,342.69,345.32,343.01
1983,7,30512,1983.537,343.98,343.23,343.58,342.86,343.98,343.23
1983,8,30543,1983.6219,342.38,343.74,341.64,343.03,342.38,343.74
1983,9,30574,1983.7068,339.87,343,340.05,343.19,339.87,343
1983,10,30604,1983.789,339.99,343.25,340.1,343.34,339.99,343.25
1983,11,30635,1983.874,341.15,343.2,341.47,343.49,341.15,343.2
1983,12,30665,1983.9562,342.99,343.83,342.8,343.62,342.99,343.83
1984,1,30696,1984.041,343.7,343.67,343.8,343.76,343.7,343.67
1984,2,30727,1984.1257,344.5,343.84,344.57,343.89,344.5,343.84
1984,3,30756,1984.2049,345.28,343.86,345.45,344.01,345.28,343.86
1984,4,30787,1984.2896,347.06,344.52,346.7,344.14,347.06,344.52
1984,5,30817,1984.3716,347.43,344.38,347.31,344.26,347.43,344.38
1984,6,30848,1984.4563,346.8,344.5,346.66,344.38,346.8,344.5
1984,7,30878,1984.5383,345.39,344.67,345.19,344.5,345.39,344.67
1984,8,30909,1984.623,343.28,344.67,343.19,344.62,343.28,344.67
1984,9,30940,1984.7077,341.07,344.23,341.57,344.74,341.07,344.23
1984,10,30970,1984.7896,341.35,344.61,341.61,344.86,341.35,344.61
1984,11,31001,1984.8743,342.98,345.02,342.97,344.99,342.98,345.02
1984,12,31031,1984.9563,344.22,345.06,344.3,345.12,344.22,345.06
1985,1,31062,1985.0411,344.97,344.94,345.29,345.25,344.97,344.94
1985,2,31093,1985.126,345.99,345.32,346.07,345.39,345.99,345.32
1985,3,31121,1985.2027,347.42,346.03,346.92,345.5,347.42,346.03
1985,4,31152,1985.2877,348.35,345.82,348.17,345.62,348.35,345.82
1985,5,31182,1985.3699,348.93,345.87,348.79,345.73,348.93,345.87
1985,6,31213,1985.4548,348.25,345.93,348.14,345.83,348.25,345.93
1985,7,31243,1985.537,346.56,345.81,346.65,345.93,346.56,345.81
1985,8,31274,1985.6219,344.67,346.04,344.61,346.02,344.67,346.04
1985,9,31305,1985.7068,343.09,346.24,342.93,346.1,343.09,346.24
1985,10,31335,1985.789,342.8,346.07,342.93,346.19,342.8,346.07
1985,11,31366,1985.874,344.24,346.29,344.24,346.28,344.24,346.29
1985,12,31396,1985.9562,345.56,346.4,345.54,346.37,345.56,346.4
1986,1,31427,1986.0411,346.3,346.27,346.51,346.47,346.3,346.27
1986,2,31458,1986.126,346.95,346.28,347.26,346.58,346.95,346.28
1986,3,31486,1986.2027,347.85,346.45,348.1,346.68,347.85,346.45
1986,4,31517,1986.2877,349.55,347.02,349.36,346.81,349.55,347.02
1986,5,31547,1986.3699,350.21,347.14,350,346.93,350.21,347.14
1986,6,31578,1986.4548,349.55,347.22,349.37,347.06,349.55,347.22
1986,7,31608,1986.537,347.94,347.18,347.91,347.18,347.94,347.18
1986,8,31639,1986.6219,345.9,347.27,345.9,347.31,345.9,347.27
1986,9,31670,1986.7068,344.85,348.01,344.26,347.44,344.85,348.01
1986,10,31700,1986.789,344.17,347.45,344.29,347.56,344.17,347.45
1986,11,31731,1986.874,345.66,347.72,345.65,347.69,345.66,347.72
1986,12,31761,1986.9562,346.9,347.75,347,347.83,346.9,347.75
1987,1,31792,1987.0411,348.02,347.99,348.01,347.97,348.02,347.99
1987,2,31823,1987.126,348.48,347.8,348.81,348.13,348.48,347.8
1987,3,31851,1987.2027,349.42,348.01,349.7,348.28,349.42,348.01
1987,4,31882,1987.2877,350.99,348.44,351.03,348.46,350.99,348.44
1987,5,31912,1987.3699,351.85,348.76,351.73,348.65,351.85,348.76
1987,6,31943,1987.4548,351.26,348.92,351.17,348.85,351.26,348.92
1987,7,31973,1987.537,349.51,348.75,349.78,349.06,349.51,348.75
1987,8,32004,1987.6219,348.1,349.48,347.86,349.27,348.1,349.48
1987,9,32035,1987.7068,346.45,349.62,346.31,349.5,346.45,349.62
1987,10,32065,1987.789,346.36,349.66,346.43,349.71,346.36,349.66
1987,11,32096,1987.874,347.81,349.88,347.89,349.94,347.81,349.88
1987,12,32126,1987.9562,348.96,349.81,349.33,350.16,348.96,349.81
1988,1,32157,1988.041,350.43,350.4,350.43,350.39,350.43,350.4
1988,2,32188,1988.1257,351.73,351.05,351.3,350.61,351.73,351.05
1988,3,32217,1988.2049,352.22,350.78,352.27,350.81,352.22,350.78
1988,4,32248,1988.2896,353.59,351.01,353.62,351.02,353.59,351.01
1988,5,32278,1988.3716,354.22,351.13,354.3,351.21,354.22,351.13
1988,6,32309,1988.4563,353.79,351.47,353.7,351.4,353.79,351.47
1988,7,32339,1988.5383,352.38,351.65,352.27,351.57,352.38,351.65
1988,8,32370,1988.623,350.43,351.84,350.29,351.74,350.43,351.84
1988,9,32401,1988.7077,348.73,351.92,348.68,351.89,348.73,351.92
1988,10,32431,1988.7896,348.88,352.19,348.74,352.03,348.88,352.19
1988,11,32462,1988.8743,350.07,352.14,350.11,352.16,350.07,352.14
1988,12,32492,1988.9563,351.34,352.19,351.44,352.28,351.34,352.19
1989,1,32523,1989.0411,352.76,352.73,352.43,352.39,352.76,352.73
1989,2,32554,1989.126,353.07,352.39,353.19,352.5,353.07,352.39
1989,3,32582,1989.2027,353.68,352.26,354.02,352.59,353.68,352.26
1989,4,32613,1989.2877,355.42,352.86,355.27,352.69,355.42,352.86
1989,5,32643,1989.3699,355.67,352.57,355.89,352.79,355.67,352.57
1989,6,32674,1989.4548,355.12,352.77,355.22,352.89,355.12,352.77
1989,7,32704,1989.537,353.9,353.13,353.71,352.98,353.9,353.13
1989,8,32735,1989.6219,351.67,353.06,351.66,353.08,351.67,353.06
1989,9,32766,1989.7068,349.8,353,349.97,353.18,349.8,353
1989,10,32796,1989.789,349.99,353.31,349.97,353.27,349.99,353.31
1989,11,32827,1989.874,351.3,353.38,351.31,353.38,351.3,353.38
1989,12,32857,1989.9562,352.52,353.38,352.64,353.47,352.52,353.38
1990,1,32888,1990.0411,353.66,353.63,353.62,353.58,353.66,353.63
1990,2,32919,1990.126,354.7,354.02,354.37,353.68,354.7,354.02
1990,3,32947,1990.2027,355.38,353.96,355.21,353.77,355.38,353.96
1990,4,32978,1990.2877,356.2,353.63,356.46,353.87,356.2,353.63
1990,5,33008,1990.3699,357.16,354.05,357.09,353.98,357.16,354.05
1990,6,33039,1990.4548,356.23,353.87,356.43,354.09,356.23,353.87
1990,7,33069,1990.537,354.81,354.05,354.94,354.21,354.81,354.05
1990,8,33100,1990.6219,352.91,354.3,352.91,354.34,352.91,354.3
1990,9,33131,1990.7068,350.96,354.17,351.26,354.48,350.96,354.17
1990,10,33161,1990.789,351.18,354.51,351.31,354.63,351.18,354.51
1990,11,33192,1990.874,352.83,354.92,352.71,354.78,352.83,354.92
1990,12,33222,1990.9562,354.21,355.07,354.08,354.93,354.21,355.07
1991,1,33253,1991.0411,354.72,354.69,355.12,355.07,354.72,354.69
1991,2,33284,1991.126,355.75,355.06,355.91,355.22,355.75,355.06
1991,3,33312,1991.2027,357.16,355.73,356.78,355.34,357.16,355.73
1991,4,33343,1991.2877,358.6,356.02,358.05,355.45,358.6,356.02
1991,5,33373,1991.3699,359.34,356.21,358.67,355.54,359.34,356.21
1991,6,33404,1991.4548,358.24,355.87,357.97,355.62,358.24,355.87
1991,7,33434,1991.537,356.17,355.4,356.42,355.68,356.17,355.4
1991,8,33465,1991.6219,354.02,355.41,354.31,355.74,354.02,355.41
1991,9,33496,1991.7068,352.15,355.37,352.56,355.8,352.15,355.37
1991,10,33526,1991.789,352.21,355.55,352.53,355.86,352.21,355.55
1991,11,33557,1991.874,353.75,355.85,353.85,355.92,353.75,355.85
1991,12,33587,1991.9562,354.99,355.85,355.14,355.99,354.99,355.85
1992,1,33618,1992.041,355.99,355.95,356.1,356.06,355.99,355.95
1992,2,33649,1992.1257,356.72,356.04,356.83,356.13,356.72,356.04
1992,3,33678,1992.2049,357.81,356.35,357.67,356.2,357.81,356.35
1992,4,33709,1992.2896,359.15,356.54,358.89,356.26,359.15,356.54
1992,5,33739,1992.3716,359.66,356.53,359.44,356.31,359.66,356.53
1992,6,33770,1992.4563,359.25,356.9,358.69,356.36,359.25,356.9
1992,7,33800,1992.5383,357.02,356.28,357.1,356.39,357.02,356.28
1992,8,33831,1992.623,355,356.43,354.96,356.43,355,356.43
1992,9,33862,1992.7077,353.01,356.24,353.2,356.46,353.01,356.24
1992,10,33892,1992.7896,353.31,356.65,353.16,356.49,353.31,356.65
1992,11,33923,1992.8743,354.16,356.26,354.45,356.53,354.16,356.26
1992,12,33953,1992.9563,355.4,356.26,355.72,356.57,355.4,356.26
1993,1,33984,1993.0411,356.7,356.67,356.66,356.62,356.7,356.67
1993,2,34015,1993.126,357.16,356.48,357.38,356.68,357.16,356.48
1993,3,34043,1993.2027,358.38,356.94,358.19,356.74,358.38,356.94
1993,4,34074,1993.2877,359.46,356.87,359.43,356.82,359.46,356.87
1993,5,34104,1993.3699,360.28,357.13,360.04,356.9,360.28,357.13
1993,6,34135,1993.4548,359.6,357.21,359.35,356.99,359.6,357.21
1993,7,34165,1993.537,357.57,356.8,357.83,357.08,357.57,356.8
1993,8,34196,1993.6219,355.52,356.93,355.75,357.2,355.52,356.93
1993,9,34227,1993.7068,353.69,356.93,354.07,357.32,353.69,356.93
1993,10,34257,1993.789,353.99,357.35,354.11,357.46,353.99,357.35
1993,11,34288,1993.874,355.33,357.45,355.53,357.61,355.33,357.45
1993,12,34318,1993.9562,356.8,357.67,356.92,357.77,356.8,357.67
1994,1,34349,1994.0411,358.37,358.34,357.98,357.94,358.37,358.34
1994,2,34380,1994.126,358.91,358.22,358.81,358.11,358.91,358.22
1994,3,34408,1994.2027,359.97,358.53,359.72,358.26,359.97,358.53
1994,4,34439,1994.2877,361.26,358.66,361.05,358.43,361.26,358.66
1994,5,34469,1994.3699,361.69,358.53,361.74,358.59,361.69,358.53
1994,6,34500,1994.4548,360.94,358.55,361.12,358.75,360.94,358.55
1994,7,34530,1994.537,359.55,358.77,359.66,358.92,359.55,358.77
1994,8,34561,1994.6219,357.48,358.89,357.64,359.09,357.48,358.89
1994,9,34592,1994.7068,355.84,359.09,356,359.27,355.84,359.09
1994,10,34622,1994.789,356,359.37,356.08,359.44,356,359.37
1994,11,34653,1994.874,357.58,359.7,357.53,359.63,357.58,359.7
1994,12,34683,1994.9562,359.04,359.91,358.95,359.81,359.04,359.91
1995,1,34714,1995.0411,359.97,359.94,360.03,359.99,359.97,359.94
1995,2,34745,1995.126,361,360.31,360.87,360.17,361,360.31
1995,3,34773,1995.2027,361.64,360.19,361.79,360.33,361.64,360.19
1995,4,34804,1995.2877,363.45,360.84,363.13,360.5,363.45,360.84
1995,5,34834,1995.3699,363.8,360.63,363.83,360.66,363.8,360.63
1995,6,34865,1995.4548,363.26,360.86,363.21,360.83,363.26,360.86
1995,7,34895,1995.537,361.89,361.12,361.73,360.99,361.89,361.12
1995,8,34926,1995.6219,359.45,360.87,359.69,361.15,359.45,360.87
1995,9,34957,1995.7068,358.05,361.31,358.03,361.31,358.05,361.31
1995,10,34987,1995.789,357.76,361.14,358.09,361.47,357.76,361.14
1995,11,35018,1995.874,359.56,361.69,359.53,361.63,359.56,361.69
1995,12,35048,1995.9562,360.7,361.57,360.93,361.78,360.7,361.57
1996,1,35079,1996.041,362.05,362.02,361.98,361.94,362.05,362.02
1996,2,35110,1996.1257,363.24,362.55,362.79,362.08,363.24,362.55
1996,3,35139,1996.2049,364.02,362.55,363.7,362.21,364.02,362.55
1996,4,35170,1996.2896,364.71,362.07,365,362.34,364.71,362.07
1996,5,35200,1996.3716,365.41,362.24,365.62,362.45,365.41,362.24
1996,6,35231,1996.4563,364.97,362.58,364.92,362.56,364.97,362.58
1996,7,35261,1996.5383,363.65,362.9,363.38,362.66,363.65,362.9
1996,8,35292,1996.623,361.48,362.93,361.26,362.75,361.48,362.93
1996,9,35323,1996.7077,359.45,362.73,359.54,362.83,359.45,362.73
1996,10,35353,1996.7896,359.61,363,359.53,362.91,359.61,363
1996,11,35384,1996.8743,360.76,362.88,360.89,362.99,360.76,362.88
1996,12,35414,1996.9563,362.33,363.2,362.21,363.07,362.33,363.2
1997,1,35445,1997.0411,363.18,363.15,363.19,363.15,363.18,363.15
1997,2,35476,1997.126,363.99,363.3,363.94,363.23,363.99,363.3
1997,3,35504,1997.2027,364.56,363.11,364.79,363.32,364.56,363.11
1997,4,35535,1997.2877,366.36,363.73,366.07,363.42,366.36,363.73
1997,5,35565,1997.3699,366.8,363.61,366.72,363.53,366.8,363.61
1997,6,35596,1997.4548,365.63,363.21,366.06,363.66,365.63,363.21
1997,7,35626,1997.537,364.47,363.68,364.57,363.81,364.47,363.68
1997,8,35657,1997.6219,362.5,363.93,362.53,363.99,362.5,363.93
1997,9,35688,1997.7068,360.19,363.47,360.89,364.19,360.19,363.47
1997,10,35718,1997.789,360.77,364.18,361.02,364.41,360.77,364.18
1997,11,35749,1997.874,362.43,364.57,362.54,364.65,362.43,364.57
1997,12,35779,1997.9562,364.28,365.15,364.05,364.91,364.28,365.15
1998,1,35810,1998.0411,365.33,365.3,365.22,365.18,365.33,365.3
1998,2,35841,1998.126,366.15,365.45,366.16,365.45,366.15,365.45
1998,3,35869,1998.2027,367.31,365.85,367.18,365.7,367.31,365.85
1998,4,35900,1998.2877,368.61,365.97,368.64,365.98,368.61,365.97
1998,5,35930,1998.3699,369.3,366.1,369.44,366.24,369.3,366.1
1998,6,35961,1998.4548,368.88,366.45,368.91,366.51,368.88,366.45
1998,7,35991,1998.537,367.64,366.85,367.5,366.75,367.64,366.85
1998,8,36022,1998.6219,365.78,367.21,365.52,366.99,365.78,367.21
1998,9,36053,1998.7068,363.9,367.19,363.9,367.21,363.9,367.19
1998,10,36083,1998.789,364.23,367.65,363.99,367.4,364.23,367.65
1998,11,36114,1998.874,365.46,367.6,365.45,367.57,365.46,367.6
1998,12,36144,1998.9562,366.97,367.85,366.86,367.72,366.97,367.85
1999,1,36175,1999.0411,368.15,368.12,367.9,367.86,368.15,368.12
1999,2,36206,1999.126,368.87,368.17,368.68,367.97,368.87,368.17
1999,3,36234,1999.2027,369.59,368.12,369.53,368.05,369.59,368.12
1999,4,36265,1999.2877,371.14,368.49,370.79,368.13,371.14,368.49
1999,5,36295,1999.3699,371,367.79,371.4,368.2,371,367.79
1999,6,36326,1999.4548,370.35,367.92,370.67,368.26,370.35,367.92
1999,7,36356,1999.537,369.27,368.48,369.09,368.33,369.27,368.48
1999,8,36387,1999.6219,366.93,368.36,366.93,368.4,366.93,368.36
1999,9,36418,1999.7068,364.64,367.94,365.16,368.47,364.64,367.94
1999,10,36448,1999.789,365.13,368.56,365.14,368.55,365.13,368.56
1999,11,36479,1999.874,366.68,368.83,366.51,368.64,366.68,368.83
1999,12,36509,1999.9562,368.01,368.89,367.86,368.72,368.01,368.89
2000,1,36540,2000.041,369.14,369.11,368.86,368.82,369.14,369.11
2000,2,36571,2000.1257,369.46,368.76,369.62,368.91,369.46,368.76
2000,3,36600,2000.2049,370.51,369.02,370.52,369,370.51,369.02
2000,4,36631,2000.2896,371.66,368.98,371.81,369.11,371.66,368.98
2000,5,36661,2000.3716,371.83,368.61,372.44,369.23,371.83,368.61
2000,6,36692,2000.4563,371.69,369.28,371.75,369.36,371.69,369.28
2000,7,36722,2000.5383,370.12,369.35,370.22,369.5,370.12,369.35
2000,8,36753,2000.623,368.12,369.59,368.14,369.64,368.12,369.59
2000,9,36784,2000.7077,366.62,369.94,366.45,369.79,366.62,369.94
2000,10,36814,2000.7896,366.73,370.16,366.51,369.93,366.73,370.16
2000,11,36845,2000.8743,368.29,370.44,367.95,370.08,368.29,370.44
2000,12,36875,2000.9563,369.53,370.41,369.34,370.2,369.53,370.41
2001,1,36906,2001.0411,370.28,370.25,370.37,370.33,370.28,370.25
2001,2,36937,2001.126,371.5,370.79,371.17,370.45,371.5,370.79
2001,3,36965,2001.2027,372.12,370.65,372.04,370.56,372.12,370.65
2001,4,36996,2001.2877,372.86,370.2,373.35,370.67,372.86,370.2
2001,5,37026,2001.3699,374.02,370.79,374.02,370.79,374.02,370.79
2001,6,37057,2001.4548,373.31,370.86,373.35,370.92,373.31,370.86
2001,7,37087,2001.537,371.62,370.82,371.81,371.05,371.62,370.82
2001,8,37118,2001.6219,369.55,370.99,369.72,371.2,369.55,370.99
2001,9,37149,2001.7068,367.96,371.28,368.01,371.35,367.96,371.28
2001,10,37179,2001.789,368.09,371.55,368.07,371.51,368.09,371.55
2001,11,37210,2001.874,369.68,371.85,369.53,371.67,369.68,371.85
2001,12,37240,2001.9562,371.24,372.13,370.96,371.83,371.24,372.13
2002,1,37271,2002.0411,372.44,372.4,372.04,372,372.44,372.4
2002,2,37302,2002.126,373.08,372.38,372.89,372.17,373.08,372.38
2002,3,37330,2002.2027,373.52,372.04,373.83,372.33,373.52,372.04
2002,4,37361,2002.2877,374.85,372.18,375.21,372.52,374.85,372.18
2002,5,37391,2002.3699,375.55,372.31,375.95,372.71,375.55,372.31
2002,6,37422,2002.4548,375.4,372.95,375.35,372.92,375.4,372.95
2002,7,37452,2002.537,374.02,373.22,373.9,373.13,374.02,373.22
2002,8,37483,2002.6219,371.48,372.93,371.88,373.36,371.48,372.93
2002,9,37514,2002.7068,370.7,374.03,370.25,373.6,370.7,374.03
2002,10,37544,2002.789,370.25,373.71,370.38,373.82,370.25,373.71
2002,11,37575,2002.874,372.08,374.25,371.91,374.06,372.08,374.25
2002,12,37605,2002.9562,373.78,374.68,373.41,374.28,373.78,374.68
2003,1,37636,2003.0411,374.68,374.65,374.55,374.51,374.68,374.65
2003,2,37667,2003.126,375.62,374.91,375.45,374.72,375.62,374.91
2003,3,37695,2003.2027,376.11,374.63,376.42,374.92,376.11,374.63
2003,4,37726,2003.2877,377.65,374.97,377.83,375.13,377.65,374.97
2003,5,37756,2003.3699,378.35,375.1,378.58,375.33,378.35,375.1
2003,6,37787,2003.4548,378.13,375.66,377.98,375.53,378.13,375.66
2003,7,37817,2003.537,376.61,375.81,376.49,375.73,376.61,375.81
2003,8,37848,2003.6219,374.48,375.94,374.43,375.92,374.48,375.94
2003,9,37879,2003.7068,372.98,376.32,372.74,376.1,372.98,376.32
2003,10,37909,2003.789,373,376.47,372.81,376.27,373,376.47
2003,11,37940,2003.874,374.35,376.52,374.27,376.43,374.35,376.52
2003,12,37970,2003.9562,375.69,376.58,375.69,376.57,375.69,376.58
2004,1,38001,2004.041,376.79,376.76,376.75,376.71,376.79,376.76
2004,2,38032,2004.1257,377.36,376.65,377.56,376.84,377.36,376.65
2004,3,38061,2004.2049,378.39,376.88,378.49,376.96,378.39,376.88
2004,4,38092,2004.2896,380.5,377.79,379.81,377.08,380.5,377.79
2004,5,38122,2004.3716,380.61,377.36,380.44,377.19,380.61,377.36
2004,6,38153,2004.4563,379.55,377.1,379.73,377.3,379.55,377.1
2004,7,38183,2004.5383,377.76,376.99,378.16,377.42,377.76,376.99
2004,8,38214,2004.623,375.83,377.32,376.03,377.56,375.83,377.32
2004,9,38245,2004.7077,374.05,377.41,374.33,377.71,374.05,377.41
2004,10,38275,2004.7896,374.22,377.7,374.41,377.87,374.22,377.7
2004,11,38306,2004.8743,375.84,378.02,375.9,378.05,375.84,378.02
2004,12,38336,2004.9563,377.44,378.34,377.36,378.24,377.44,378.34
2005,1,38367,2005.0411,378.34,378.31,378.49,378.44,378.34,378.31
2005,2,38398,2005.126,379.61,378.89,379.38,378.66,379.61,378.89
2005,3,38426,2005.2027,380.08,378.59,380.36,378.85,380.08,378.59
2005,4,38457,2005.2877,382.05,379.35,381.79,379.07,382.05,379.35
2005,5,38487,2005.3699,382.24,378.97,382.55,379.29,382.24,378.97
2005,6,38518,2005.4548,382.08,379.6,381.97,379.51,382.08,379.6
2005,7,38548,2005.537,380.67,379.86,380.49,379.72,380.67,379.86
2005,8,38579,2005.6219,378.67,380.13,378.44,379.94,378.67,380.13
2005,9,38610,2005.7068,376.42,379.78,376.76,380.15,376.42,379.78
2005,10,38640,2005.789,376.8,380.29,376.86,380.35,376.8,380.29
2005,11,38671,2005.874,378.31,380.5,378.38,380.55,378.31,380.5
2005,12,38701,2005.9562,379.96,380.86,379.85,380.73,379.96,380.86
2006,1,38732,2006.0411,381.37,381.33,380.96,380.91,381.37,381.33
2006,2,38763,2006.126,382.02,381.3,381.81,381.08,382.02,381.3
2006,3,38791,2006.2027,382.56,381.07,382.74,381.23,382.56,381.07
2006,4,38822,2006.2877,384.37,381.66,384.11,381.39,384.37,381.66
2006,5,38852,2006.3699,384.92,381.64,384.81,381.53,384.92,381.64
2006,6,38883,2006.4548,384.03,381.54,384.14,381.68,384.03,381.54
2006,7,38913,2006.537,382.28,381.47,382.59,381.82,382.28,381.47
2006,8,38944,2006.6219,380.48,381.94,380.46,381.97,380.48,381.94
2006,9,38975,2006.7068,378.81,382.18,378.72,382.12,378.81,382.18
2006,10,39005,2006.789,379.06,382.56,378.77,382.26,379.06,382.56
2006,11,39036,2006.874,380.14,382.34,380.24,382.41,380.14,382.34
2006,12,39066,2006.9562,381.66,382.56,381.67,382.56,381.66,382.56
2007,1,39097,2007.0411,382.58,382.55,382.75,382.71,382.58,382.55
2007,2,39128,2007.126,383.71,382.99,383.6,382.87,383.71,382.99
2007,3,39156,2007.2027,384.34,382.84,384.53,383.01,384.34,382.84
2007,4,39187,2007.2877,386.23,383.51,385.9,383.17,386.23,383.51
2007,5,39217,2007.3699,386.41,383.12,386.61,383.32,386.41,383.12
2007,6,39248,2007.4548,385.87,383.38,385.96,383.48,385.87,383.38
2007,7,39278,2007.537,384.45,383.64,384.42,383.64,384.45,383.64
2007,8,39309,2007.6219,381.84,383.31,382.3,383.81,381.84,383.31
2007,9,39340,2007.7068,380.86,384.25,380.57,383.98,380.86,384.25
2007,10,39370,2007.789,380.86,384.38,380.63,384.13,380.86,384.38
2007,11,39401,2007.874,382.36,384.56,382.11,384.29,382.36,384.56
2007,12,39431,2007.9562,383.61,384.52,383.55,384.44,383.61,384.52
2008,1,39462,2008.041,385.07,385.04,384.63,384.58,385.07,385.04
2008,2,39493,2008.1257,385.84,385.12,385.46,384.73,385.84,385.12
2008,3,39522,2008.2049,385.83,384.3,386.41,384.86,385.83,384.3
2008,4,39553,2008.2896,386.77,384.02,387.78,385.01,386.77,384.02
2008,5,39583,2008.3716,388.51,385.21,388.47,385.17,388.51,385.21
2008,6,39614,2008.4563,388.05,385.57,387.8,385.34,388.05,385.57
2008,7,39644,2008.5383,386.25,385.47,386.26,385.51,386.25,385.47
2008,8,39675,2008.623,384.08,385.59,384.14,385.68,384.08,385.59
2008,9,39706,2008.7077,383.09,386.49,382.42,385.85,383.09,386.49
2008,10,39736,2008.7896,382.78,386.3,382.5,386.01,382.78,386.3
2008,11,39767,2008.8743,384.01,386.22,383.98,386.16,384.01,386.22
2008,12,39797,2008.9563,385.11,386.02,385.42,386.31,385.11,386.02
2009,1,39828,2009.0411,386.65,386.62,386.51,386.47,386.65,386.62
2009,2,39859,2009.126,387.12,386.4,387.36,386.62,387.12,386.4
2009,3,39887,2009.2027,388.52,387.01,388.29,386.76,388.52,387.01
2009,4,39918,2009.2877,389.57,386.84,389.68,386.93,389.57,386.84
2009,5,39948,2009.3699,390.16,386.85,390.4,387.09,390.16,386.85
2009,6,39979,2009.4548,389.62,387.11,389.76,387.27,389.62,387.11
2009,7,40009,2009.537,388.07,387.25,388.24,387.46,388.07,387.25
2009,8,40040,2009.6219,386.08,387.56,386.14,387.66,386.08,387.56
2009,9,40071,2009.7068,384.65,388.06,384.45,387.88,384.65,388.06
2009,10,40101,2009.789,384.33,387.87,384.56,388.09,384.33,387.87
2009,11,40132,2009.874,386.05,388.27,386.11,388.31,386.05,388.27
2009,12,40162,2009.9562,387.49,388.4,387.64,388.53,387.49,388.4
2010,1,40193,2010.0411,388.55,388.52,388.81,388.76,388.55,388.52
2010,2,40224,2010.126,390.07,389.35,389.72,388.99,390.07,389.35
2010,3,40252,2010.2027,391.01,389.5,390.71,389.18,391.01,389.5
2010,4,40283,2010.2877,392.38,389.64,392.15,389.39,392.38,389.64
2010,5,40313,2010.3699,393.22,389.9,392.9,389.58,393.22,389.9
2010,6,40344,2010.4548,392.24,389.72,392.26,389.76,392.24,389.72
2010,7,40374,2010.537,390.33,389.51,390.72,389.94,390.33,389.51
2010,8,40405,2010.6219,388.52,390.01,388.59,390.11,388.52,390.01
2010,9,40436,2010.7068,386.84,390.26,386.84,390.28,386.84,390.26
2010,10,40466,2010.789,387.16,390.71,386.89,390.43,387.16,390.71
2010,11,40497,2010.874,388.67,390.89,388.37,390.58,388.67,390.89
2010,12,40527,2010.9562,389.81,390.72,389.82,390.71,389.81,390.72
2011,1,40558,2011.0411,391.3,391.26,390.89,390.84,391.3,391.26
2011,2,40589,2011.126,391.92,391.19,391.71,390.97,391.92,391.19
2011,3,40617,2011.2027,392.45,390.93,392.62,391.09,392.45,390.93
2011,4,40648,2011.2877,393.37,390.62,393.99,391.22,393.37,390.62
2011,5,40678,2011.3699,394.28,390.95,394.69,391.36,394.28,390.95
2011,6,40709,2011.4548,393.69,391.17,394.02,391.52,393.69,391.17
2011,7,40739,2011.537,392.59,391.77,392.47,391.68,392.59,391.77
2011,8,40770,2011.6219,390.21,391.7,390.33,391.86,390.21,391.7
2011,9,40801,2011.7068,389,392.43,388.6,392.05,389,392.43
2011,10,40831,2011.789,388.93,392.49,388.68,392.22,388.93,392.49
2011,11,40862,2011.874,390.24,392.48,390.2,392.41,390.24,392.48
2011,12,40892,2011.9562,391.8,392.72,391.68,392.58,391.8,392.72
2012,1,40923,2012.041,393.07,393.04,392.81,392.77,393.07,393.04
2012,2,40954,2012.1257,393.35,392.62,393.69,392.95,393.35,392.62
2012,3,40983,2012.2049,394.36,392.8,394.7,393.13,394.36,392.8
2012,4,41014,2012.2896,396.43,393.65,396.14,393.33,396.43,393.65
2012,5,41044,2012.3716,396.87,393.53,396.87,393.53,396.87,393.53
2012,6,41075,2012.4563,395.88,393.37,396.24,393.75,395.88,393.37
2012,7,41105,2012.5383,394.52,393.73,394.73,393.97,394.52,393.73
2012,8,41136,2012.623,392.54,394.06,392.65,394.21,392.54,394.06
2012,9,41167,2012.7077,391.13,394.57,390.98,394.45,391.13,394.57
2012,10,41197,2012.7896,391.01,394.58,391.14,394.69,391.01,394.58
2012,11,41228,2012.8743,392.95,395.19,392.72,394.93,392.95,395.19
2012,12,41258,2012.9563,394.34,395.25,394.26,395.17,394.34,395.25
2013,1,41289,2013.0411,395.61,395.57,395.44,395.4,395.61,395.57
2013,2,41320,2013.126,396.85,396.11,396.37,395.62,396.85,396.11
2013,3,41348,2013.2027,397.26,395.73,397.37,395.82,397.26,395.73
2013,4,41379,2013.2877,398.35,395.58,398.82,396.03,398.35,395.58
2013,5,41409,2013.3699,399.98,396.63,399.59,396.24,399.98,396.63
2013,6,41440,2013.4548,398.87,396.33,398.96,396.44,398.87,396.33
2013,7,41470,2013.537,397.37,396.55,397.42,396.63,397.37,396.55
2013,8,41501,2013.6219,395.41,396.91,395.29,396.82,395.41,396.91
2013,9,41532,2013.7068,393.39,396.84,393.55,397.01,393.39,396.84
2013,10,41562,2013.789,393.7,397.28,393.62,397.19,393.7,397.28
2013,11,41593,2013.874,395.19,397.44,395.15,397.37,395.19,397.44
2013,12,41623,2013.9562,396.82,397.75,396.64,397.54,396.82,397.75
2014,1,41654,2014.0411,397.92,397.89,397.76,397.71,397.92,397.89
2014,2,41685,2014.126,398.1,397.37,398.63,397.88,398.1,397.37
2014,3,41713,2014.2027,399.47,397.94,399.58,398.03,399.47,397.94
2014,4,41744,2014.2877,401.33,398.55,400.99,398.2,401.33,398.55
2014,5,41774,2014.3699,401.88,398.52,401.72,398.35,401.88,398.52
2014,6,41805,2014.4548,401.31,398.76,401.04,398.52,401.31,398.76
2014,7,41835,2014.537,399.07,398.24,399.46,398.67,399.07,398.24
2014,8,41866,2014.6219,397.21,398.71,397.29,398.83,397.21,398.71
2014,9,41897,2014.7068,395.4,398.86,395.52,399,395.4,398.86
2014,10,41927,2014.789,395.65,399.24,395.59,399.17,395.65,399.24
2014,11,41958,2014.874,397.22,399.48,397.11,399.34,397.22,399.48
2014,12,41988,2014.9562,398.79,399.71,398.61,399.52,398.79,399.71
2015,1,42019,2015.0411,399.85,399.82,399.74,399.7,399.85,399.82
2015,2,42050,2015.126,400.31,399.57,400.64,399.89,400.31,399.57
2015,3,42078,2015.2027,401.51,399.97,401.62,400.07,401.51,399.97
2015,4,42109,2015.2877,403.45,400.67,403.08,400.27,403.45,400.67
2015,5,42139,2015.3699,404.1,400.73,403.86,400.49,404.1,400.73
2015,6,42170,2015.4548,402.88,400.32,403.25,400.72,402.88,400.32
2015,7,42200,2015.537,401.61,400.78,401.76,400.96,401.61,400.78
2015,8,42231,2015.6219,399,400.51,399.69,401.24,399,400.51
2015,9,42262,2015.7068,397.5,400.97,398.05,401.54,397.5,400.97
2015,10,42292,2015.789,398.28,401.89,398.25,401.85,398.28,401.89
2015,11,42323,2015.874,400.24,402.5,399.93,402.17,400.24,402.5
2015,12,42353,2015.9562,401.89,402.82,401.57,402.48,401.89,402.82
2016,1,42384,2016.041,402.65,402.62,402.85,402.8,402.65,402.62
2016,2,42415,2016.1257,404.16,403.42,403.86,403.12,404.16,403.42
2016,3,42444,2016.2049,404.85,403.28,404.98,403.39,404.85,403.28
2016,4,42475,2016.2896,407.57,404.75,406.51,403.67,407.57,404.75
2016,5,42505,2016.3716,407.66,404.27,407.3,403.92,407.66,404.27
2016,6,42536,2016.4563,407,404.46,406.68,404.16,407,404.46
2016,7,42566,2016.5383,404.5,403.7,405.15,404.38,404.5,403.7
2016,8,42597,2016.623,402.24,403.78,403.02,404.6,402.24,403.78
2016,9,42628,2016.7077,401.01,404.51,401.31,404.82,401.01,404.51
2016,10,42658,2016.7896,401.5,405.11,401.44,405.04,401.5,405.11
2016,11,42689,2016.8743,403.64,405.9,403.01,405.25,403.64,405.9
2016,12,42719,2016.9563,404.55,405.48,404.53,405.44,404.55,405.48
2017,1,42750,2017.0411,406.07,406.04,405.68,405.64,406.07,406.04
2017,2,42781,2017.126,406.64,405.9,406.57,405.82,406.64,405.9
2017,3,42809,2017.2027,407.06,405.51,407.54,405.98,407.06,405.51
2017,4,42840,2017.2877,408.95,406.15,408.97,406.15,408.95,406.15
2017,5,42870,2017.3699,409.91,406.52,409.71,406.32,409.91,406.52
2017,6,42901,2017.4548,409.12,406.54,409.03,406.48,409.12,406.54
2017,7,42931,2017.537,407.2,406.37,407.44,406.64,407.2,406.37
2017,8,42962,2017.6219,405.24,406.76,405.25,406.8,405.24,406.76
2017,9,42993,2017.7068,403.27,406.76,403.45,406.96,403.27,406.76
2017,10,43023,2017.789,403.64,407.27,403.5,407.12,403.64,407.27
2017,11,43054,2017.874,405.17,407.45,405.01,407.27,405.17,407.45
2017,12,43084,2017.9562,406.75,407.69,406.49,407.4,406.75,407.69
2018,1,43115,2018.0411,408.05,408.02,407.58,407.54,408.05,408.02
2018,2,43146,2018.126,408.34,407.6,408.42,407.66,408.34,407.6
2018,3,43174,2018.2027,409.26,407.71,409.34,407.77,409.26,407.71
2018,4,43205,2018.2877,410.31,407.5,410.72,407.89,410.31,407.5
2018,5,43235,2018.3699,411.31,407.9,411.42,408.01,411.31,407.9
2018,6,43266,2018.4548,410.88,408.3,410.7,408.14,410.88,408.3
2018,7,43296,2018.537,408.9,408.06,409.07,408.27,408.9,408.06
2018,8,43327,2018.6219,407.1,408.62,-99.99,-99.99,407.1,408.62
2018,9,43358,2018.7068,-99.99,-99.99,-99.99,-99.99,-99.99,-99.99
2018,10,43388,2018.789,-99.99,-99.99,-99.99,-99.99,-99.99,-99.99
2018,11,43419,2018.874,-99.99,-99.99,-99.99,-99.99,-99.99,-99.99
2018,12,43449,2018.9562,-99.99,-99.99,-99.99,-99.99,-99.99,-99.99