time,lat,lon,speed,altitude,thermocouple_t,ada_humidity,ada_temp,ir_amb,ir_obj,date
22:25:02.000,40.6718,-73.9631,18.72372,36.7,31.21875,48.8,31.2,32.13,40.67001,05/08/2018
22:25:02.000,40.6718,-73.9631,18.72372,36.7,31.54688,48.7,31.2,32.14999,41.45001,05/08/2018
22:25:04.984,40.67185,-73.96329,18.72372,36.9,31.70313,48.7,31.2,32.14999,40.85001,05/08/2018
22:25:06.000,40.67187,-73.96336,19.13116,36.9,31.84375,48.7,31.2,32.14999,40.79001,05/08/2018
22:25:07.000,40.67189,-73.96342,19.24228,36.9,32.10938,48.7,31.2,32.23001,40.88998,05/08/2018
22:25:08.000,40.67191,-73.96349,19.1682,36.9,32.17969,48.9,31.3,32.23001,41.07001,05/08/2018
22:25:08.984,40.67192,-73.96355,17.94588,36.9,32.1875,48.9,31.3,32.23001,41.19,05/08/2018
22:25:11.000,40.67196,-73.96367,18.00144,36.9,32.04688,48.5,31.3,32.25,40.07001,05/08/2018
22:25:12.000,40.67197,-73.96374,16.03832,36.9,31.70313,48.5,31.3,32.20999,41.03,05/08/2018
22:25:12.984,40.67199,-73.96378,15.16788,36.9,31.70313,48.1,31.3,32.19,41.35001,05/08/2018
22:25:14.000,40.672,-73.96383,15.0938,36.9,31.67188,48.1,31.3,32.20999,41.82999,05/08/2018
22:25:16.000,40.67203,-73.96392,15.0938,34.1,31.71094,47.9,31.3,32.19,41.42999,05/08/2018
22:25:16.984,40.67205,-73.96398,14.29744,34.1,31.82813,47.9,31.3,32.19,41.63,05/08/2018
22:25:18.000,40.67205,-73.96403,15.59384,34.1,31.75781,47.6,31.2,32.19,41.92999,05/08/2018
22:25:19.000,40.67206,-73.96408,14.76044,34.1,31.84375,47.6,31.2,32.19,41.54999,05/08/2018
22:25:20.000,40.67207,-73.96413,13.59368,34.1,32.0625,47.6,31.1,32.20999,41.92999,05/08/2018
22:25:20.984,40.67208,-73.96416,12.5936,34.1,32.03125,47.6,31.1,32.19,41.92999,05/08/2018
22:25:23.000,40.6721,-73.96425,10.76012,34.1,32.15625,47.7,31.2,32.20999,40.92999,05/08/2018
22:25:24.000,40.67211,-73.96428,9.92672,34.1,32.13281,47.7,31.2,32.23001,39.70999,05/08/2018
22:25:24.984,40.67212,-73.96432,8.40808,34.1,32,47.7,31.3,32.23001,39.03,05/08/2018
22:25:26.000,40.67212,-73.96433,7.72284,34.1,31.88281,47.7,31.3,32.23001,38.59,05/08/2018
22:25:28.000,40.67214,-73.96438,7.72284,28.8,31.77344,47.8,31.3,32.26999,35.76999,05/08/2018
22:25:35.000,40.6722,-73.9645,11.77872,28.8,31.6875,48,31.3,32.23001,40.85001,05/08/2018
22:25:36.000,40.67222,-73.96453,13.3344,28.8,31.85938,48,31.3,32.26999,40.64999,05/08/2018
22:25:36.984,40.67225,-73.96458,15.8346,28.8,31.84375,47.8,31.3,32.26999,39.26999,05/08/2018
22:25:38.000,40.67226,-73.96464,14.68636,28.8,31.72656,47.8,31.3,32.26999,38.51001,05/08/2018
22:25:40.000,40.67229,-73.96474,14.68636,26.2,31.61719,47.9,31.3,32.25,36.13,05/08/2018
22:25:40.984,40.67231,-73.9648,16.05684,26.2,31.51563,47.9,31.3,32.29001,35.14999,05/08/2018
22:25:42.000,40.67233,-73.96485,17.4088,26.2,31.625,47.9,31.2,32.26999,38.75,05/08/2018
22:25:43.000,40.67234,-73.96492,18.09404,26.2,31.73438,47.9,31.2,32.26999,40.67001,05/08/2018
22:25:44.000,40.67236,-73.96498,18.55704,26.2,31.85938,47.9,31.2,32.29001,41.35001,05/08/2018
22:25:44.984,40.67238,-73.96505,18.68668,26.2,31.85938,47.9,31.2,32.29001,40.64999,05/08/2018
22:25:47.000,40.67242,-73.96517,18.6126,26.2,31.39844,47.9,31.2,32.20999,38.41,05/08/2018
22:25:48.000,40.67243,-73.96523,18.983,26.2,31.02344,47.9,31.2,32.20999,36.57001,05/08/2018
22:25:48.984,40.67245,-73.96529,18.8904,26.2,30.96875,48.2,31.2,32.14999,43.01001,05/08/2018
22:25:50.000,40.67247,-73.96535,19.66824,26.2,31.125,48.2,31.2,32.14999,42.57001,05/08/2018
22:25:52.000,40.67251,-73.96549,19.66824,24.5,31.51563,48.7,31.1,32.14999,42.01001,05/08/2018
22:25:52.984,40.67253,-73.96556,21.14984,24.5,31.4375,48.7,31.1,32.13,41.73001,05/08/2018
22:25:54.000,40.67255,-73.96563,21.05724,24.5,31,48.8,31.2,32.07001,41.47,05/08/2018
22:25:55.000,40.67257,-73.9657,21.07576,24.5,31.13281,48.8,31.2,32.09,39.47,05/08/2018
22:25:56.000,40.67259,-73.96577,20.7424,24.5,31.28906,48.7,31.1,32.09,39.88998,05/08/2018
22:25:56.984,40.67261,-73.96584,21.16836,24.5,31.41406,48.7,31.1,32.04999,37.17001,05/08/2018
22:25:59.000,40.67264,-73.96598,22.94628,24.5,31.05469,49.7,31.2,32.01001,37.29001,05/08/2018
22:26:00.000,40.67266,-73.96606,22.5944,24.5,30.90625,49.7,31.2,31.98999,39.91,05/08/2018
22:26:00.984,40.67268,-73.96613,22.55736,24.5,31.10938,49.6,31.1,31.98999,42.19,05/08/2018
22:26:02.000,40.6727,-73.96621,23.0574,24.5,30.90625,49.6,31.1,31.91,41.63,05/08/2018
22:26:04.000,40.67274,-73.96635,23.0574,18.3,30.77344,50.1,31.1,31.91,40.47,05/08/2018
22:26:04.984,40.67276,-73.96644,24.15008,18.3,30.60938,50.1,31.1,31.82999,38.81,05/08/2018
22:26:06.000,40.67278,-73.96652,24.02044,18.3,30.40625,50.5,31.1,31.81,33.82999,05/08/2018
22:26:07.000,40.67281,-73.9666,24.03896,18.3,30.14063,50.5,31.1,31.76999,36.07001,05/08/2018
22:26:08.000,40.67283,-73.96667,23.27964,18.3,30.45313,50.6,31.1,31.70999,40.64999,05/08/2018
22:26:08.984,40.67283,-73.96673,21.37208,18.3,30.84375,50.6,31.1,31.70999,42.67001,05/08/2018
22:26:11.000,40.67286,-73.96684,19.7238,18.3,31.05469,51.3,31,31.76999,41.37,05/08/2018
22:26:12.000,40.67287,-73.9669,19.8164,18.3,31.48438,51.3,31,31.79001,42.31,05/08/2018
22:26:12.984,40.67289,-73.96697,20.72388,18.3,31.6875,50.7,31.1,31.81,41.47,05/08/2018
22:26:14.000,40.67289,-73.96705,19.98308,18.3,31.70313,50.7,31.1,31.79001,40.35001,05/08/2018
22:26:16.000,40.67292,-73.96719,20.35348,18.3,31.79688,48.7,31.1,31.82999,41.67001,05/08/2018
22:26:16.984,40.67292,-73.96726,19.5386,18.3,31.82031,48.7,31.1,31.82999,43.10999,05/08/2018
22:26:18.000,40.67294,-73.96733,20.24236,18.3,31.88281,48.7,31.1,31.82999,43.63,05/08/2018
22:26:19.000,40.67295,-73.96741,21.6684,18.3,31.71094,48.7,31.1,31.82999,40.98999,05/08/2018
22:26:20.000,40.67295,-73.96749,20.63128,18.3,31.78125,48.7,31.1,31.87,42.53,05/08/2018
22:26:20.000,40.67295,-73.96749,20.63128,18.3,31.95313,48.7,31.1,31.88998,41.59,05/08/2018
22:26:23.000,40.67298,-73.96775,23.96488,18.3,31.92969,48.7,31.2,31.87,41.73001,05/08/2018
22:26:24.000,40.673,-73.96784,24.55752,18.3,31.86719,48.7,31.2,31.87,41.87,05/08/2018
22:26:24.984,40.67301,-73.96792,23.65004,18.3,31.73438,48.8,31.2,31.91,40.63,05/08/2018
22:26:26.000,40.67303,-73.968,24.02044,18.3,31.84375,48.8,31.2,31.87,41.38998,05/08/2018
22:26:28.000,40.67306,-73.96816,24.02044,4.6,31.97656,48.8,31.2,31.88998,40.29001,05/08/2018
22:26:28.984,40.67307,-73.96823,18.18664,4.6,32.15625,48.8,31.2,31.91,40.82999,05/08/2018
22:26:30.000,40.67308,-73.96829,18.07552,4.6,32.15625,48.7,31.2,31.97,41.76999,05/08/2018
22:26:31.000,40.67305,-73.96834,16.13092,4.6,32.20313,48.7,31.2,31.98999,40.57001,05/08/2018
22:26:32.000,40.67305,-73.96838,15.24196,4.6,32.25,48.8,31.3,31.97,40.03,05/08/2018
22:26:32.984,40.67305,-73.96842,15.11232,4.6,32.34375,48.8,31.3,32.01001,40.63,05/08/2018
22:26:35.000,40.67305,-73.96852,13.7048,4.6,32.44531,48.9,31.3,32.04999,43.29001,05/08/2018
22:26:36.000,40.67304,-73.96855,10.2786,4.6,32.55469,48.9,31.3,32.04999,43.69,05/08/2018
22:26:36.984,40.67304,-73.96859,7.70432,4.6,32.67969,48.8,31.3,32.09,43.70999,05/08/2018
22:26:38.000,40.67304,-73.96861,8.53772,4.6,32.83594,48.8,31.3,32.13,43.32999,05/08/2018
22:26:40.000,40.67303,-73.96868,11.33424,4.6,32.67969,48.9,31.4,32.14999,43.03,05/08/2018
22:26:40.984,40.67303,-73.96872,9.11184,4.6,31.92969,48.9,31.4,32.13,42.10999,05/08/2018
22:26:42.000,40.67302,-73.96874,6.68572,4.6,31.51563,48.9,31.4,32.07001,39.76999,05/08/2018
22:26:43.000,40.67302,-73.96877,8.59328,4.6,31.30469,48.9,31.4,32.10999,38.95001,05/08/2018
22:26:44.000,40.67302,-73.9688,10.7416,4.6,30.99219,48.9,31.4,32.09,38.87,05/08/2018
22:26:46.000,40.67302,-73.96887,10.7416,5.9,30.84375,48.9,31.4,32.07001,37.75,05/08/2018
22:26:47.000,40.67302,-73.96891,10.66752,5.9,30.71094,48.9,31.3,32.03,36.79001,05/08/2018
22:26:48.000,40.67303,-73.96896,9.6304,5.9,30.70313,48.9,31.3,32.03,35.13,05/08/2018
22:26:48.984,40.67302,-73.96897,6.59312,5.9,30.57031,48.9,31.3,32.01001,38.97,05/08/2018
22:26:52.000,40.67298,-73.96902,12.92696,5.9,30.57031,48.8,31.3,31.97,39.26999,05/08/2018
22:26:52.984,40.67295,-73.96902,12.29728,5.9,30.64063,48.8,31.3,31.97,39.45001,05/08/2018
22:26:54.000,40.67292,-73.96903,10.29712,5.9,30.99219,48.9,31.3,31.98999,38.75,05/08/2018
22:26:55.000,40.6729,-73.96906,10.31564,5.9,30.58594,48.9,31.3,31.88998,37.85001,05/08/2018
22:26:55.000,40.6729,-73.96906,10.31564,5.9,30.76563,48.9,31.3,31.92999,37.48999,05/08/2018
22:26:55.000,40.6729,-73.96906,10.31564,5.9,31.0625,48.9,31.3,31.88998,37.10999,05/08/2018
22:27:35.000,40.67283,-73.96925,13.09364,26.9,31.05469,48.8,31.3,32.07001,40.45001,05/08/2018
22:27:36.000,40.67281,-73.96931,14.13076,26.9,31.19531,48.8,31.3,32.07001,40.51001,05/08/2018
22:27:36.984,40.67279,-73.96934,12.76028,26.9,31.03906,48.9,31.3,32.09,40.64999,05/08/2018
22:27:38.000,40.67279,-73.96938,13.38996,26.9,30.85938,48.9,31.3,32.04999,39.81,05/08/2018
22:27:40.000,40.67277,-73.96946,11.112,26.9,30.66406,48.8,31.2,32.04999,40.25,05/08/2018
22:27:40.984,40.67276,-73.9695,10.7416,26.9,30.79688,48.8,31.2,32.04999,40.60999,05/08/2018
22:27:42.000,40.67275,-73.96953,10.7416,26.9,30.86719,49.3,31.2,32.07001,40.42999,05/08/2018
22:27:43.000,40.67275,-73.96957,10.44528,26.9,30.71094,49.3,31.2,32.04999,40.91,05/08/2018
22:27:43.000,40.67275,-73.96957,10.44528,26.9,30.76563,49.4,31.1,32.03,40.81,05/08/2018
22:27:46.000,40.67274,-73.96967,10.44528,29.8,30.86719,49.4,31.1,32.03,39.01001,05/08/2018
22:27:47.000,40.67273,-73.9697,7.408,29.8,30.84375,49.2,31.1,32.04999,38.79001,05/08/2018
22:28:52.000,40.67267,-73.96968,7.5932,33.4,30.29688,49,31.6,32.54999,40.67001,05/08/2018
22:28:52.984,40.67265,-73.96968,9.27852,33.4,30.05469,49,31.6,32.51001,40.67001,05/08/2018
22:28:54.000,40.67261,-73.9697,11.3898,33.4,29.89844,48.9,31.4,32.47,40.82999,05/08/2018
22:28:55.000,40.67257,-73.9697,15.279,33.4,29.92188,48.9,31.4,32.42999,39.14999,05/08/2018
22:28:56.984,40.67249,-73.96973,15.279,36.2,29.88281,48.8,31.3,32.35001,38.04999,05/08/2018
22:28:58.000,40.67245,-73.96973,15.742,36.2,29.58594,48.8,31.3,32.29001,38.26999,05/08/2018
22:28:59.000,40.67241,-73.96974,16.22352,36.2,29.35938,48.8,31.2,32.25,37.75,05/08/2018
22:29:00.000,40.67237,-73.96975,17.09396,36.2,29.41406,48.8,31.2,32.19,36.92999,05/08/2018
22:29:00.984,40.67233,-73.96976,17.07544,36.2,29.60938,48.7,31.1,32.19,36.97,05/08/2018
22:29:02.000,40.67229,-73.96977,17.66808,36.2,29.41406,48.7,31.1,32.10999,38.35001,05/08/2018
22:29:04.000,40.6722,-73.96978,19.11264,36.2,29.02344,49.9,31,32.01001,37.95001,05/08/2018
22:29:04.984,40.67215,-73.96978,18.1496,36.2,28.65625,49.9,31,31.92999,37.09,05/08/2018
22:29:06.000,40.67211,-73.96978,17.64956,36.2,28.45313,51.4,31,31.88998,36.25,05/08/2018
22:29:07.000,40.67207,-73.96977,18.1496,36.2,28.22656,51.4,31,31.79001,37.09,05/08/2018
22:29:08.984,40.67198,-73.96976,18.1496,41,28.04688,52.7,30.8,31.69,36.76999,05/08/2018
22:29:10.000,40.67193,-73.96975,18.057,41,27.74219,52.7,30.8,31.64999,33.41,05/08/2018
22:29:11.000,40.67189,-73.96974,18.057,41,27.70313,54.5,30.7,31.59,34.20999,05/08/2018
22:29:12.000,40.67184,-73.96973,18.00144,41,27.82813,54.5,30.7,31.53,35.97,05/08/2018
22:29:12.984,40.6718,-73.96973,18.13108,41,27.85156,54.1,30.5,31.45001,35.76999,05/08/2018
22:29:12.984,40.6718,-73.96973,18.13108,41,27.92188,54.1,30.5,31.35001,35.07001,05/08/2018
22:29:16.000,40.67167,-73.96973,17.51992,41,28.09375,53.4,30.5,31.31,33.17001,05/08/2018
22:29:16.984,40.67163,-73.96973,16.63096,41,28.07031,53.4,30.5,31.26999,34.25,05/08/2018
22:29:18.000,40.67159,-73.96973,15.4642,41,28.26563,52.8,30.4,31.20999,36.88998,05/08/2018
22:29:19.000,40.67155,-73.96974,14.01964,41,28.39063,52.8,30.4,31.20999,37.09,05/08/2018
22:29:20.984,40.6715,-73.96977,14.01964,38.4,28.74219,53.5,30.3,31.19,37.70999,05/08/2018
22:29:22.000,40.67147,-73.9698,9.29704,38.4,28.89063,53.5,30.3,31.17001,38.04999,05/08/2018
22:29:23.000,40.67146,-73.9698,6.64868,38.4,28.85156,54.1,30.4,31.17001,37.69,05/08/2018
22:29:48.984,40.67139,-73.96982,5.556,34.1,28.42969,54.6,30.6,31.10999,38.48999,05/08/2018
22:29:50.000,40.67138,-73.96983,7.61172,34.1,28.38281,54.6,30.6,31.09,36.73001,05/08/2018
22:29:52.000,40.67134,-73.96987,11.09348,34.1,28.38281,54.4,30.4,31.04999,37.70999,05/08/2018
22:29:52.984,40.67131,-73.9699,14.70488,34.1,28.53906,54.4,30.4,31.03,38.85001,05/08/2018
22:29:54.000,40.67127,-73.96995,15.5568,34.1,28.64844,54.5,30.4,30.97,39.23001,05/08/2018
22:29:55.000,40.67124,-73.96998,16.5754,34.1,28.42188,54.5,30.4,30.95001,39.45001,05/08/2018
22:29:56.984,40.67118,-73.97007,17.05692,34.1,28.10938,55.6,30.3,30.81,38.53,05/08/2018
22:29:58.000,40.67115,-73.97011,17.11248,34.1,27.75,55.6,30.3,30.76999,37.92999,05/08/2018
22:29:59.000,40.67112,-73.97016,18.44592,34.1,27.76563,56.1,30.1,30.73001,37.01001,05/08/2018
22:30:00.000,40.67109,-73.97021,19.33488,34.1,27.5,56.1,30.1,30.64999,33.10999,05/08/2018
22:30:00.000,40.67109,-73.97021,19.33488,34.1,27.20313,56.4,29.9,30.53,30.03,05/08/2018
22:30:00.000,40.67109,-73.97021,19.33488,34.1,27.00781,56.4,29.9,30.48999,29.98999,05/08/2018
22:30:04.000,40.67094,-73.97042,21.68692,34.1,26.91406,56.3,29.8,30.38998,30.04999,05/08/2018
22:30:04.984,40.6709,-73.97046,19.24228,34.1,26.96094,56.3,29.8,30.32999,30.25,05/08/2018
22:30:06.000,40.67087,-73.9705,19.6312,34.1,27.10156,56.3,29.6,30.32999,30.73001,05/08/2018
22:30:07.000,40.67084,-73.97055,18.68668,34.1,27.3125,56.3,29.6,30.26999,35.47,05/08/2018
22:30:08.984,40.67077,-73.97063,18.2422,34.1,27.46875,55.3,29.5,30.25,34.75,05/08/2018
22:30:10.000,40.67073,-73.97066,18.55704,34.1,27.58594,55.3,29.5,30.14999,33.26999,05/08/2018
22:30:11.000,40.6707,-73.9707,18.59408,34.1,27.78125,55,29.5,30.14999,33.03,05/08/2018
22:30:12.000,40.67066,-73.97073,19.76084,34.1,27.89844,55,29.5,30.13,30.87,05/08/2018
22:30:12.000,40.67066,-73.97073,19.76084,34.1,27.92188,54.9,29.5,30.10999,34.42999,05/08/2018
22:30:15.000,40.67052,-73.97082,19.76084,29.7,27.89063,54.9,29.5,30.04999,34.53,05/08/2018
22:30:16.000,40.67048,-73.97084,20.63128,29.7,27.89063,54.9,29.4,30.04999,36.64999,05/08/2018
22:30:16.984,40.67043,-73.97086,21.13132,29.7,27.96094,54.9,29.4,29.98999,36.97,05/08/2018
22:30:18.000,40.67038,-73.97089,21.63136,29.7,27.85156,55.3,29.4,29.92999,37.26999,05/08/2018
22:30:19.000,40.67033,-73.97092,21.2054,29.7,27.67969,55.3,29.4,29.92999,34.20999,05/08/2018
22:30:20.984,40.67024,-73.97099,21.24244,29.7,27.47656,56.5,29.3,29.88998,32.38998,05/08/2018
22:30:22.000,40.6702,-73.97102,20.87204,29.7,27.45313,56.5,29.3,29.82999,32.20999,05/08/2018
22:30:23.000,40.67015,-73.97106,22.44624,29.7,28.00781,57,29.3,29.85001,34.29001,05/08/2018
22:30:24.000,40.6701,-73.97109,21.64988,29.7,28.28906,57,29.3,29.85001,35.09,05/08/2018
22:30:24.000,40.6701,-73.97109,21.64988,29.7,28.53906,55.8,29.2,29.85001,32.97,05/08/2018
22:30:27.000,40.66996,-73.97121,21.64988,25.5,28.40625,55.8,29.2,29.79001,33.70999,05/08/2018
22:30:28.000,40.66992,-73.97128,22.74256,25.5,28.57813,56.1,29.2,29.81,35.53,05/08/2018
22:30:28.984,40.66987,-73.97132,22.35364,25.5,28.45313,56.1,29.2,29.81,36.09,05/08/2018
22:30:30.000,40.66983,-73.97137,22.94628,25.5,28.46875,56.6,29.3,29.81,37.59,05/08/2018
22:30:31.000,40.66978,-73.97143,25.29832,25.5,28.55469,56.6,29.3,29.76999,36.17001,05/08/2018
22:30:32.984,40.66968,-73.97155,26.63176,25.5,28.21094,56.8,29.3,29.73001,35.67001,05/08/2018
22:30:34.000,40.66963,-73.97161,25.3724,25.5,27.91406,56.8,29.3,29.70999,37.45001,05/08/2018
22:30:35.000,40.66958,-73.97168,25.70576,25.5,27.85156,57.3,29.2,29.64999,34.63,05/08/2018
22:30:36.000,40.66954,-73.97175,24.50196,25.5,27.85156,57.3,29.2,29.64999,36.20999,05/08/2018
22:30:36.000,40.66954,-73.97175,24.50196,25.5,27.9375,57.3,29.2,29.63,35.29001,05/08/2018
22:30:39.000,40.66935,-73.97191,24.50196,21,28.00781,57.3,29.2,29.59,35.88998,05/08/2018
22:30:40.000,40.66929,-73.97195,25.61316,21,28.05469,56.7,29.1,29.59,36.47,05/08/2018
22:30:40.984,40.66923,-73.97201,25.05756,21,28.1875,56.7,29.1,29.59,38.03,05/08/2018
22:30:42.000,40.66916,-73.97205,26.96512,21,28.1875,56.5,29.1,29.59,31.13,05/08/2018
22:30:43.000,40.66909,-73.97208,27.78,21,28.38281,56.5,29.1,29.59,29.09,05/08/2018
22:30:44.984,40.66896,-73.97217,25.68724,21,28.21094,57.2,29.1,29.57001,30.23001,05/08/2018
22:30:46.000,40.6689,-73.9722,25.20572,21,27.82813,57.2,29.1,29.48999,29.29001,05/08/2018
22:30:47.000,40.66884,-73.97222,24.03896,21,27.625,58.1,29.1,29.45001,32.70999,05/08/2018
22:30:48.000,40.66878,-73.97225,24.55752,21,27.64844,58.1,29.1,29.45001,35.31,05/08/2018
22:30:48.000,40.66878,-73.97225,24.55752,21,27.89063,58.6,28.9,29.41,29.98999,05/08/2018
22:30:51.000,40.66859,-73.97231,24.55752,19.9,27.75,58.6,28.9,29.42999,28.95001,05/08/2018
22:30:52.000,40.66854,-73.97233,22.33512,19.9,27.66406,58.4,28.9,29.35001,28.64999,05/08/2018
22:30:52.984,40.66849,-73.97236,20.57572,19.9,27.42969,58.4,28.9,29.35001,29.31,05/08/2018
22:30:54.000,40.66844,-73.97237,19.92752,19.9,27.42188,58.1,28.8,29.29001,29.35001,05/08/2018
22:30:55.000,40.66838,-73.97237,21.89064,19.9,27.5,58.1,28.8,29.26999,28.88998,05/08/2018
22:30:56.984,40.66827,-73.97241,21.70544,19.9,27.53906,58.3,28.7,29.20999,29.91,05/08/2018
22:30:58.000,40.66821,-73.97242,22.70552,19.9,27.60156,58.3,28.7,29.20999,30.64999,05/08/2018
22:30:59.000,40.66815,-73.97243,23.31668,19.9,27.67969,58.9,28.7,29.19,31.10999,05/08/2018
22:31:00.000,40.66809,-73.97243,23.00184,19.9,27.72656,58.9,28.7,29.17001,34.91,05/08/2018
22:31:02.000,40.66797,-73.97243,23.00184,16,27.92188,59.3,28.7,29.23001,36.29001,05/08/2018
22:31:03.000,40.66792,-73.97243,23.00184,15.5,27.96875,59.3,28.7,29.17001,35.13,05/08/2018
22:31:04.000,40.66785,-73.97242,22.26104,15.5,28.14063,59.3,28.7,29.19,31.67001,05/08/2018
22:31:04.984,40.66779,-73.97241,22.66848,15.5,28.32031,59.3,28.7,29.19,31.01001,05/08/2018
22:31:06.000,40.66773,-73.97241,22.98332,15.5,28.21094,60.2,28.7,29.19,30.64999,05/08/2018
22:31:07.000,40.66767,-73.97241,21.90916,15.5,28.00781,60.2,28.7,29.14999,32.67001,05/08/2018
22:31:08.984,40.66756,-73.97242,19.55712,15.5,28.04688,60.2,28.7,29.13,31.54999,05/08/2018
22:31:10.000,40.66751,-73.97241,20.42756,15.5,27.875,60.2,28.7,29.10999,32.60999,05/08/2018
22:31:11.000,40.66747,-73.97241,19.85344,15.5,27.80469,60.7,28.7,29.13,30.63,05/08/2018
22:31:12.000,40.66741,-73.9724,20.90908,15.5,27.67188,60.7,28.7,29.07001,30.70999,05/08/2018
22:31:14.000,40.66729,-73.97238,20.90908,10.8,27.75,60.5,28.6,29.07001,30.42999,05/08/2018
22:31:15.000,40.66724,-73.97237,20.90908,10,27.75,60.5,28.6,29.04999,34.54999,05/08/2018
22:31:16.000,40.66718,-73.97236,21.14984,10,27.75,60.7,28.6,29.04999,33.54999,05/08/2018
22:31:16.984,40.66713,-73.97234,19.96456,10,27.78125,60.7,28.6,29.01001,34.67001,05/08/2018
22:31:18.000,40.66707,-73.97231,21.52024,10,27.76563,60.7,28.6,28.98999,31.19,05/08/2018
22:31:18.000,40.66707,-73.97231,21.52024,10,27.78125,60.7,28.6,28.97,31.20999,05/08/2018
22:31:20.984,40.66686,-73.97225,25.24276,10,27.8125,60.4,28.5,28.97,33.03,05/08/2018
22:31:22.000,40.6668,-73.97225,24.55752,10,27.96094,60.4,28.5,28.98999,31.20999,05/08/2018
22:31:23.000,40.66673,-73.97225,25.52056,10,27.89063,60,28.5,28.97,29.04999,05/08/2018
22:31:24.000,40.66665,-73.97225,25.59464,10,27.96094,60,28.5,28.95001,29.57001,05/08/2018
22:31:26.000,40.66653,-73.97227,25.59464,5.6,27.89063,60,28.5,28.92999,31.35001,05/08/2018
22:31:27.000,40.66648,-73.97227,21.9462,5.6,27.76563,60,28.5,28.92999,29.29001,05/08/2018
22:31:28.000,40.66642,-73.97227,23.07592,5.6,27.9375,60,28.4,28.92999,28.45001,05/08/2018
22:31:28.984,40.66636,-73.97229,24.18712,5.6,28.05469,60,28.4,28.92999,28.01001,05/08/2018
22:31:30.000,40.6663,-73.97231,23.16852,5.6,28.07031,60,28.5,28.95001,28.37,05/08/2018
22:31:31.000,40.66624,-73.97233,23.5204,5.6,28.09375,60,28.5,28.92999,30.25,05/08/2018
22:31:32.984,40.66613,-73.97236,21.03872,5.6,28.10938,60,28.5,28.92999,28.45001,05/08/2018
22:31:34.000,40.66608,-73.97237,21.0202,5.6,28.10938,60,28.5,28.88998,28.88998,05/08/2018
22:31:35.000,40.66602,-73.97238,22.20548,5.6,28.10938,60,28.5,28.91,30.23001,05/08/2018
22:31:36.000,40.66597,-73.97241,21.90916,5.6,28.26563,60,28.5,28.92999,31.32999,05/08/2018
22:31:38.000,40.66587,-73.97247,21.50172,5.6,28.36719,60,28.5,28.92999,30.10999,05/08/2018
22:31:39.000,40.66582,-73.97251,21.52024,5.6,28.35938,60,28.5,28.95001,30.63,05/08/2018
22:31:40.000,40.66577,-73.97255,21.64988,5.6,28.34375,60,28.5,28.91,29.29001,05/08/2018
22:31:40.984,40.66573,-73.97259,21.52024,5.6,28.25,60,28.5,28.91,31.88998,05/08/2018
22:31:42.000,40.6657,-73.97264,21.61284,5.6,28.10938,60,28.5,28.92999,31.57001,05/08/2018
22:31:42.000,40.6657,-73.97264,21.61284,5.6,27.96094,60,28.5,28.88998,29.10999,05/08/2018
22:31:44.984,40.66555,-73.97279,22.48328,5.6,27.78906,60,28.4,28.88998,30.29001,05/08/2018
22:31:46.000,40.66552,-73.97283,22.42772,5.6,27.74219,60,28.4,28.85001,34.51001,05/08/2018
22:31:47.000,40.66547,-73.97289,23.0574,5.6,27.85156,60,28.4,28.88998,28.75,05/08/2018
22:31:48.000,40.66542,-73.97292,23.02036,5.6,27.74219,60,28.4,28.88998,28.97,05/08/2018
22:31:50.000,40.66533,-73.97301,21.298,5.6,27.8125,60.8,28.4,28.81,38.20999,05/08/2018
22:31:51.000,40.66529,-73.97306,20.81648,5.6,27.85156,60.8,28.4,28.81,37.75,05/08/2018
22:31:52.000,40.66525,-73.97311,21.74248,5.6,27.89844,61,28.3,28.81,38.10999,05/08/2018
22:31:52.984,40.66521,-73.97316,22.14992,5.6,27.98438,61,28.3,28.82999,34.59,05/08/2018
22:31:54.000,40.66515,-73.97321,23.50188,5.6,27.96094,61.6,28.3,28.81,34.23001,05/08/2018
22:31:54.000,40.66515,-73.97321,23.50188,5.6,28.00781,61.6,28.3,28.79001,35.26999,05/08/2018
22:31:56.984,40.665,-73.97332,21.96472,5.6,28.07031,59.9,28.3,28.76999,32.38998,05/08/2018
22:31:58.000,40.66496,-73.97335,22.02028,5.6,28.02344,59.9,28.3,28.76999,32.32999,05/08/2018
22:31:59.000,40.6649,-73.97338,22.4092,5.6,28,59.9,28.3,28.79001,30.32999,05/08/2018
22:32:00.000,40.66484,-73.9734,22.29808,5.6,27.91406,59.9,28.3,28.79001,30.53,05/08/2018
22:32:02.000,40.66473,-73.97346,23.27964,5.6,27.89844,59.9,28.3,28.76999,29.38998,05/08/2018
22:32:03.000,40.66467,-73.97349,22.70552,5.6,27.80469,59.9,28.3,28.79001,34.91,05/08/2018
22:32:04.000,40.66462,-73.97352,22.72404,5.6,27.91406,59.9,28.3,28.76999,34.32999,05/08/2018
22:32:04.984,40.66456,-73.97354,23.65004,5.6,27.89844,59.9,28.3,28.79001,28.75,05/08/2018
22:32:06.000,40.66451,-73.97356,22.53884,5.6,27.89063,59.9,28.3,28.75,28.70999,05/08/2018
22:32:06.000,40.66451,-73.97356,22.53884,5.6,27.76563,59.9,28.3,28.75,30.23001,05/08/2018
22:32:08.984,40.66435,-73.97368,22.27956,5.6,27.69531,59.9,28.2,28.73001,32.60999,05/08/2018
22:32:10.000,40.66431,-73.97373,22.72404,5.6,27.75,59.9,28.2,28.70999,34.76999,05/08/2018
22:32:11.000,40.66425,-73.97376,23.48336,5.6,27.80469,59.9,28.2,28.73001,36.53,05/08/2018
22:32:12.000,40.66419,-73.9738,24.18712,5.6,27.76563,59.9,28.2,28.70999,36.53,05/08/2018
22:32:14.000,40.66407,-73.97392,24.18712,-12.7,27.98438,59.9,28.2,28.70999,36.73001,05/08/2018
22:32:15.000,40.66402,-73.97398,25.26128,-12.7,28.03125,59.9,28.2,28.70999,35.92999,05/08/2018
22:32:16.000,40.66396,-73.97402,27.29848,-12.7,28.15625,61.2,28.2,28.70999,32.25,05/08/2018
22:32:16.984,40.66389,-73.97408,26.5762,-12.7,28.33594,61.2,28.2,28.73001,29.91,05/08/2018
22:32:18.000,40.66384,-73.97413,26.63176,-12.7,28.53906,62,28.2,28.76999,33.19,05/08/2018
22:32:18.000,40.66384,-73.97413,26.63176,-12.7,28.82813,62,28.2,28.79001,33.35001,05/08/2018
22:32:20.984,40.6637,-73.97429,24.52048,-12.7,28.91406,61,28.3,28.82999,32.20999,05/08/2018
22:32:22.000,40.66365,-73.97435,24.46492,-12.7,28.96094,61,28.3,28.81,36.09,05/08/2018
22:32:23.000,40.66362,-73.97441,24.03896,-12.7,29.05469,61.6,28.4,28.85001,39.13,05/08/2018
22:32:24.000,40.66357,-73.97447,24.09452,-12.7,29.38281,61.6,28.4,28.91,39.04999,05/08/2018
22:32:26.000,40.66348,-73.97459,24.89088,-12.7,29.5625,61.2,28.5,28.97,34.54999,05/08/2018
22:32:27.000,40.66343,-73.97465,24.52048,-12.7,29.98438,61.2,28.5,29.03,35.23001,05/08/2018
22:32:28.000,40.66338,-73.97471,24.18712,-12.7,30.19531,59.7,28.6,29.10999,33.98999,05/08/2018
22:32:28.984,40.66333,-73.97475,24.15008,-12.7,30.16406,59.7,28.6,29.10999,36.73001,05/08/2018
22:32:30.000,40.6633,-73.97482,23.74264,-12.7,30.14844,59.2,28.7,29.19,35.70999,05/08/2018
22:32:32.000,40.66322,-73.97494,23.74264,-8.2,30.17188,59.2,28.7,29.19,36.81,05/08/2018
22:32:32.984,40.66319,-73.975,22.63144,-8.2,30.32031,58.7,28.8,29.26999,32.19,05/08/2018
22:32:34.000,40.66315,-73.97507,23.48336,-8.2,30.46094,58.7,28.8,29.29001,31.88998,05/08/2018
22:32:35.000,40.66311,-73.97512,23.18704,-8.2,30.42969,57.6,28.8,29.37,34.92999,05/08/2018
22:32:36.000,40.66307,-73.97518,22.63144,-8.2,30.46094,57.6,28.8,29.37,37.29001,05/08/2018
22:32:38.000,40.663,-73.9753,22.46476,-8.2,30.30469,56.7,28.9,29.42999,36.92999,05/08/2018
22:32:39.000,40.66297,-73.97537,22.55736,-8.2,30.39063,56.7,28.9,29.42999,37.01001,05/08/2018
22:32:40.000,40.66295,-73.97544,21.40912,-8.2,30.03125,57.1,29,29.47,35.60999,05/08/2018
22:32:40.984,40.66293,-73.97551,20.72388,-8.2,29.94531,57.1,29,29.47,36.31,05/08/2018
22:32:40.984,40.66293,-73.97551,20.72388,-8.2,29.85156,57.3,29,29.48999,38.09,05/08/2018
22:32:44.000,40.66285,-73.97572,20.72388,-3.1,29.88281,57.3,29,29.48999,39.23001,05/08/2018
22:32:44.984,40.66282,-73.97579,22.00176,-3.1,30.10156,57.6,29,29.54999,38.70999,05/08/2018
22:32:46.000,40.66279,-73.97585,21.89064,-3.1,30.21875,57.6,29,29.60999,38.35001,05/08/2018
22:32:47.000,40.66277,-73.97593,21.92768,-3.1,30.29688,56.6,29,29.60999,38.88998,05/08/2018
22:32:48.000,40.66274,-73.97599,22.05732,-3.1,30.21875,56.6,29,29.63,39.41,05/08/2018
22:32:50.000,40.66269,-73.97613,21.761,-3.1,30.19531,57.1,29.1,29.64999,39.70999,05/08/2018
22:32:51.000,40.66266,-73.9762,21.63136,-3.1,30.14844,57.1,29.1,29.67001,39.76999,05/08/2018
22:32:52.000,40.66264,-73.97625,22.00176,-3.1,30.21875,57.9,29.1,29.67001,40.09,05/08/2018
22:32:52.984,40.6626,-73.97632,22.3166,-3.1,30.23438,57.9,29.1,29.67001,38.76999,05/08/2018
22:32:52.984,40.6626,-73.97632,22.3166,-3.1,30.21875,56.7,29.1,29.70999,37.85001,05/08/2018
22:32:52.984,40.6626,-73.97632,22.3166,-3.1,30.32813,56.7,29.1,29.73001,39.48999,05/08/2018
22:32:56.984,40.66247,-73.97657,22.687,-3.1,30.45313,56.5,29.2,29.79001,38.85001,05/08/2018
22:32:58.000,40.66243,-73.97664,23.35372,-3.1,30.42969,56.5,29.2,29.79001,37.51001,05/08/2018
22:32:59.000,40.6624,-73.9767,23.48336,-3.1,30.40625,57.2,29.2,29.81,35.45001,05/08/2018
22:33:00.000,40.66236,-73.97677,23.90932,-3.1,30.14844,57.2,29.2,29.82999,35.38998,05/08/2018
22:33:02.000,40.66228,-73.97689,23.83524,-3.1,30.19531,56.7,29.2,29.81,39.31,05/08/2018
22:33:03.000,40.66224,-73.97694,23.87228,-3.1,30.27344,56.7,29.2,29.87,40.13,05/08/2018
22:33:04.000,40.66219,-73.97701,26.40952,-3.1,29.88281,57,29.2,29.85001,38.19,05/08/2018
22:33:04.984,40.66215,-73.97706,27.02068,-3.1,29.70313,57,29.2,29.82999,39.48999,05/08/2018
22:33:04.984,40.66215,-73.97706,27.02068,-3.1,29.83594,57.7,29.1,29.82999,37.53,05/08/2018
22:33:08.000,40.66197,-73.97723,27.02068,23.2,30.05469,57.7,29.1,29.85001,35.85001,05/08/2018
22:33:08.984,40.66191,-73.97729,29.65052,23.2,30.10156,57.4,29.2,29.88998,40.03,05/08/2018
22:33:10.000,40.66184,-73.97734,30.26168,23.2,30.28125,57.4,29.2,29.91,40.45001,05/08/2018
22:33:11.000,40.66178,-73.97739,30.3728,23.2,30.39063,56.2,29.2,29.92999,36.45001,05/08/2018
22:33:12.000,40.66172,-73.97744,28.66896,23.2,30.65625,56.2,29.2,29.98999,36.79001,05/08/2018
22:33:14.000,40.66159,-73.97752,28.16892,23.2,30.77344,56,29.3,30.03,40.10999,05/08/2018
22:33:15.000,40.66152,-73.97755,28.20596,23.2,30.88281,56,29.3,30.04999,40.07001,05/08/2018
22:33:16.000,40.66146,-73.97758,26.59472,23.2,30.77344,55.1,29.3,30.09,36.87,05/08/2018
22:33:16.984,40.66139,-73.97759,26.00208,23.2,30.82031,55.1,29.3,30.10999,37.87,05/08/2018
22:33:16.984,40.66139,-73.97759,26.00208,23.2,30.8125,54.9,29.5,30.10999,37.98999,05/08/2018
22:33:16.984,40.66139,-73.97759,26.00208,23.2,30.83594,54.9,29.5,30.10999,40.81,05/08/2018
22:33:20.984,40.66114,-73.97761,23.66856,23.2,30.92969,55,29.5,30.17001,40.75,05/08/2018
22:33:26.000,40.66085,-73.97752,22.8722,0,30.89844,55.5,29.6,30.29001,38.75,05/08/2018
22:33:27.000,40.66079,-73.97747,22.94628,0,30.79688,55.5,29.6,30.26999,36.38998,05/08/2018
22:33:28.984,40.6607,-73.97739,22.74256,0,30.76563,54.3,29.6,30.29001,36.54999,05/08/2018
22:33:30.000,40.66065,-73.97735,23.27964,0,30.63281,54.3,29.6,30.29001,37.92999,05/08/2018
22:33:31.000,40.6606,-73.9773,23.96488,0,30.58594,54.9,29.6,30.31,39.41,05/08/2018
22:33:32.000,40.66056,-73.97725,24.076,0,30.79688,54.9,29.6,30.31,40.09,05/08/2018
22:33:32.000,40.66056,-73.97725,24.076,0,30.79688,55.5,29.6,30.31,38.81,05/08/2018
22:33:35.000,40.66044,-73.97706,25.35388,0,30.65625,55.5,29.6,30.37,36.60999,05/08/2018
22:33:36.000,40.6604,-73.97698,26.03912,0,30.60938,55.2,29.6,30.32999,37.29001,05/08/2018
22:33:36.984,40.66037,-73.97691,26.81696,0,30.4375,55.2,29.6,30.35001,36.85001,05/08/2018
22:33:38.000,40.66033,-73.97684,27.29848,0,30.34375,54.8,29.6,30.32999,35.59,05/08/2018
22:33:39.000,40.6603,-73.97676,26.96512,0,30.28125,54.8,29.6,30.35001,37.32999,05/08/2018
22:33:40.984,40.66025,-73.9766,26.50212,0,30.14063,54.7,29.6,30.35001,32.41,05/08/2018
22:33:42.000,40.66022,-73.97652,27.02068,0,30.09375,54.7,29.6,30.29001,31.54999,05/08/2018
22:33:43.000,40.66021,-73.97644,27.07624,0,30.0625,55,29.5,30.29001,34.67001,05/08/2018
22:33:44.000,40.66018,-73.97635,27.46516,0,30.21875,55,29.5,30.32999,36.73001,05/08/2018
22:33:46.000,40.66015,-73.97617,27.46516,51.5,30.25,54.6,29.5,30.32999,38.70999,05/08/2018
22:33:47.000,40.66014,-73.97607,28.5208,51.5,30.17188,54.6,29.5,30.31,41.19,05/08/2018
22:33:48.000,40.66013,-73.97598,28.96528,51.5,30.11719,55.1,29.5,30.29001,40.53,05/08/2018
22:33:48.984,40.66011,-73.97588,30.24316,51.5,30.48438,55.1,29.5,30.32999,39.19,05/08/2018
22:33:50.000,40.66009,-73.97578,30.61356,51.5,30.8125,55.7,29.5,30.37,41.53,05/08/2018
22:33:51.000,40.66007,-73.97569,31.74328,51.5,30.97656,55.7,29.5,30.42999,41.47,05/08/2018
22:33:52.984,40.66001,-73.97549,31.63216,51.5,30.94531,55.5,29.6,30.38998,40.92999,05/08/2018
22:33:54.000,40.65997,-73.97541,32.18776,51.5,29.96875,55.5,29.6,30.35001,41.38998,05/08/2018
22:33:55.000,40.65993,-73.97532,30.76172,51.5,29.46875,56,29.7,30.29001,39.54999,05/08/2018
22:33:56.000,40.6599,-73.97523,29.76164,51.5,29.76563,56,29.7,30.29001,41.91,05/08/2018
22:33:58.000,40.65981,-73.97508,29.76164,57,29.91406,56.6,29.4,30.26999,41.67001,05/08/2018
22:33:59.000,40.65976,-73.97501,29.76164,57.4,28.80469,56.6,29.4,30.20999,41.82999,05/08/2018
22:34:00.000,40.65971,-73.97495,27.89112,57.4,28.51563,57.9,29.4,30.10999,41.85001,05/08/2018
22:34:00.984,40.65966,-73.97488,26.35396,57.4,28.42969,57.9,29.4,30.07001,41.82999,05/08/2018
22:34:02.000,40.65961,-73.97484,25.29832,57.4,28.39063,59.4,29.2,30.04999,40.91,05/08/2018
22:34:03.000,40.65956,-73.97478,24.68716,57.4,28.32031,59.4,29.2,29.98999,40.64999,05/08/2018
22:34:04.984,40.65947,-73.97469,22.8722,57.4,28.15625,59.6,29.1,29.92999,39.41,05/08/2018
22:34:06.000,40.65943,-73.97463,22.26104,57.4,27.92188,59.6,29.1,29.91,32.70999,05/08/2018
22:34:07.000,40.65938,-73.97459,23.13148,57.4,27.98438,60.4,29,29.87,34.01001,05/08/2018
22:34:08.000,40.65935,-73.97453,23.83524,57.4,27.96875,60.4,29,29.82999,35.69,05/08/2018
22:34:10.000,40.65928,-73.9744,23.83524,61.1,27.89063,61.3,28.9,29.76999,32.69,05/08/2018
22:34:11.000,40.65924,-73.97434,21.90916,61.1,27.8125,61.3,28.9,29.76999,31.13,05/08/2018
22:34:12.000,40.65921,-73.97428,22.39068,61.1,27.625,61.1,28.8,29.67001,32.04999,05/08/2018
22:34:12.984,40.65918,-73.97423,22.48328,61.1,27.25,61.1,28.8,29.64999,33.76999,05/08/2018
22:34:14.000,40.65915,-73.97416,23.44632,61.1,27.25,62,28.7,29.59,33.54999,05/08/2018
22:34:15.000,40.65912,-73.9741,24.076,61.1,27.125,62,28.7,29.54999,31.19,05/08/2018
22:34:16.984,40.65905,-73.97396,25.13164,61.1,27,63.4,28.7,29.45001,32.91,05/08/2018
22:34:18.000,40.65902,-73.97388,25.02052,61.1,26.92969,63.4,28.7,29.41,32.31,05/08/2018
22:34:19.000,40.65898,-73.97381,25.5576,61.1,26.97656,64.1,28.5,29.35001,32.67001,05/08/2018
22:34:20.000,40.65894,-73.97375,25.52056,61.1,27.42969,64.1,28.5,29.35001,35.26999,05/08/2018
22:34:22.000,40.65886,-73.97361,25.52056,61.4,27.57813,63.2,28.4,29.29001,36.79001,05/08/2018
22:34:23.000,40.65881,-73.97354,26.98364,61.4,27.8125,63.2,28.4,29.29001,34.97,05/08/2018
22:34:24.000,40.65876,-73.97348,27.8726,61.4,27.8125,63.4,28.5,29.23001,34.51001,05/08/2018
22:34:24.984,40.6587,-73.97341,28.37264,61.4,27.89063,63.4,28.5,29.23001,33.64999,05/08/2018
22:34:26.000,40.65864,-73.97336,28.96528,61.4,27.70313,64.3,28.4,29.17001,35.45001,05/08/2018
22:34:26.000,40.65864,-73.97336,28.96528,61.4,27.5,64.3,28.4,29.14999,34.14999,05/08/2018
22:34:28.984,40.65845,-73.9732,27.76148,61.4,27.875,63.9,28.4,29.14999,35.88998,05/08/2018
22:34:48.000,40.65704,-73.97314,28.66896,0,28.02344,61.5,28.3,28.91,31.70999,05/08/2018
22:34:48.984,40.65697,-73.97315,28.243,0,28.15625,61.5,28.3,28.88998,28.91,05/08/2018
22:34:50.000,40.65689,-73.97315,28.76156,0,28.22656,61.7,28.3,28.85001,28.42999,05/08/2018
22:34:51.000,40.65682,-73.97316,29.13196,0,28.25,61.7,28.3,28.85001,31.38998,05/08/2018
22:34:52.984,40.65667,-73.97315,28.6134,0,28.44531,60.9,28.3,28.91,31.32999,05/08/2018
22:34:54.000,40.6566,-73.97314,27.89112,0,28.51563,60.9,28.3,28.88998,31.04999,05/08/2018
22:34:55.000,40.65653,-73.97313,28.48376,0,28.47656,59.9,28.3,28.88998,31.69,05/08/2018
22:34:56.000,40.65645,-73.97312,28.4282,0,29.4375,59.9,28.3,28.95001,31.32999,05/08/2018
22:35:00.984,40.65608,-73.97299,29.66904,0,30.01563,57.8,28.6,29.17001,30.09,05/08/2018
22:35:02.000,40.65601,-73.97295,30.05796,0,29.85156,57.8,28.6,29.17001,34.98999,05/08/2018
22:35:04.000,40.65588,-73.97285,30.53948,0,29.67969,58,28.6,29.19,32.26999,05/08/2018
22:35:04.984,40.65581,-73.97279,30.9284,0,29.17969,58,28.6,29.17001,30.64999,05/08/2018
22:35:06.000,40.65575,-73.97274,32.83596,0,29.04688,60.1,28.6,29.19,31.35001,05/08/2018
22:35:07.000,40.65568,-73.97266,32.74336,0,29.05469,60.1,28.6,29.19,29.85001,05/08/2018
22:35:07.000,40.65568,-73.97266,32.74336,0,29.27344,60.1,28.6,29.20999,32.63,05/08/2018
22:35:07.000,40.65568,-73.97266,32.74336,0,29.51563,60.1,28.6,29.20999,33.73001,05/08/2018
22:35:11.000,40.65543,-73.97237,31.3914,0,29.4375,60.1,28.6,29.23001,33.82999,05/08/2018
22:35:12.000,40.65537,-73.97228,31.81736,0,29.64844,60.1,28.6,29.26999,31.25,05/08/2018
22:35:12.984,40.65531,-73.97221,32.6878,0,29.91406,60.2,28.7,29.32999,35.19,05/08/2018
22:35:14.000,40.65524,-73.97215,34.20644,0,30.36719,60.2,28.7,29.37,38.45001,05/08/2018
22:35:16.000,40.65509,-73.97203,33.13228,0,30.70313,58.5,28.7,29.41,37.26999,05/08/2018
22:35:16.984,40.65501,-73.97197,33.03968,0,30.86719,58.5,28.7,29.47,31.60999,05/08/2018
22:35:18.000,40.65494,-73.97192,33.16932,0,30.85938,57.3,28.9,29.54999,32.04999,05/08/2018
22:35:24.000,40.6545,-73.97179,30.22464,0,30.46094,56.4,29,29.70999,31.69,05/08/2018
22:35:24.000,40.6545,-73.97179,30.22464,0,30.63281,56.4,29,29.70999,33.47,05/08/2018
22:35:27.000,40.65429,-73.97181,28.07632,0,30.63281,56.6,29.1,29.76999,36.37,05/08/2018
22:35:28.000,40.65422,-73.97182,28.66896,0,30.83594,56.6,29.1,29.82999,34.76999,05/08/2018
22:35:28.984,40.65415,-73.97185,28.55784,0,31.05469,56.1,29.1,29.85001,31.82999,05/08/2018
22:35:30.000,40.65409,-73.97188,28.48376,0,30.66406,56.1,29.1,29.85001,31.07001,05/08/2018
22:35:32.000,40.65395,-73.97192,28.53932,0,30.375,56.9,29.2,29.85001,31.26999,05/08/2018
22:35:32.984,40.65388,-73.97195,27.55776,0,30.125,56.9,29.2,29.85001,31.98999,05/08/2018
22:35:34.000,40.65381,-73.97197,27.9652,0,29.92188,57,29.2,29.85001,30.98999,05/08/2018
22:35:35.000,40.65375,-73.972,28.48376,0,29.74219,57,29.2,29.85001,31.60999,05/08/2018
22:35:36.000,40.65368,-73.97202,27.61332,0,29.72656,57.9,29.2,29.81,31.38998,05/08/2018
22:35:36.000,40.65368,-73.97202,27.61332,0,29.46875,57.9,29.2,29.81,33.07001,05/08/2018
22:35:39.000,40.65349,-73.97205,24.31676,0,29.39063,58.6,29.1,29.79001,31.04999,05/08/2018
22:35:40.000,40.65342,-73.97206,24.31676,0,29.36719,58.6,29.1,29.79001,31.10999,05/08/2018
22:35:40.984,40.65337,-73.97206,24.18712,0,29.36719,58.5,29,29.76999,34.17001,05/08/2018
22:35:42.000,40.6533,-73.97206,25.48352,0,29.46875,58.5,29,29.76999,31.63,05/08/2018
22:35:44.000,40.65317,-73.97205,24.77976,0,29.45313,58.1,29,29.70999,31.53,05/08/2018
22:35:44.984,40.65311,-73.97204,23.96488,0,29.51563,58.1,29,29.73001,35.51001,05/08/2018
22:35:50.000,40.65279,-73.97193,26.46508,0,30.64063,57.2,29.1,29.88998,36.88998,05/08/2018
22:35:51.000,40.65273,-73.9719,26.33544,0,30.92188,57.2,29.1,29.88998,38.03,05/08/2018
22:35:52.984,40.65261,-73.97182,25.94652,0,31.1875,57,29.2,29.92999,34.32999,05/08/2018
22:35:54.000,40.65255,-73.97178,25.90948,0,30.86719,57,29.2,29.95001,31.76999,05/08/2018
22:35:55.000,40.65249,-73.97173,23.4278,0,30.5,58.6,29.3,29.95001,31.75,05/08/2018
22:35:56.000,40.65245,-73.97169,22.74256,0,30.27344,58.6,29.3,29.98999,31.42999,05/08/2018
22:35:56.000,40.65245,-73.97169,22.74256,0,30.21094,59,29.3,29.95001,34.14999,05/08/2018
22:35:59.000,40.65233,-73.97153,20.96464,0,30.23438,59,29.3,29.95001,33.41,05/08/2018
22:36:00.000,40.6523,-73.97147,21.77952,0,30.46094,58,29.3,29.98999,34.25,05/08/2018
22:36:00.984,40.65226,-73.97141,24.076,0,30.5,58,29.3,30.01001,35.01001,05/08/2018
22:36:02.000,40.65222,-73.97134,22.64996,0,30.53125,57.1,29.3,30.04999,36.57001,05/08/2018
22:36:03.000,40.65218,-73.97129,22.61292,0,30.59375,57.1,29.3,30.04999,34.17001,05/08/2018
22:36:04.984,40.65212,-73.97114,24.11304,0,30.74219,56.3,29.3,30.09,34.38998,05/08/2018
22:36:06.000,40.65209,-73.97105,23.9834,0,30.65625,56.3,29.3,30.07001,37.04999,05/08/2018
22:36:07.000,40.65207,-73.97098,23.07592,0,30.71094,55.9,29.4,30.10999,38.67001,05/08/2018
22:36:08.000,40.65205,-73.97091,23.11296,0,30.57031,55.9,29.4,30.10999,38.92999,05/08/2018
22:36:10.000,40.65202,-73.97076,23.11296,24.5,30.76563,55.9,29.5,30.14999,37.75,05/08/2018
22:36:11.000,40.65201,-73.97069,23.11296,24.7,30.79688,55.9,29.5,30.14999,36.07001,05/08/2018
22:36:12.000,40.652,-73.97062,22.66848,24.7,30.74219,55.7,29.5,30.20999,34.88998,05/08/2018
22:36:12.984,40.652,-73.97055,22.16844,24.7,30.71094,55.7,29.5,30.17001,34.23001,05/08/2018
22:36:14.000,40.652,-73.97048,21.35356,24.7,30.71094,55.9,29.5,30.17001,35.60999,05/08/2018
22:36:14.000,40.652,-73.97048,21.35356,24.7,30.59375,55.9,29.5,30.20999,37.82999,05/08/2018
22:36:16.984,40.65202,-73.97028,19.50156,24.7,30.54688,55.6,29.5,30.23001,39.03,05/08/2018
22:36:18.000,40.65203,-73.97021,20.79796,24.7,30.59375,55.6,29.5,30.25,36.57001,05/08/2018
22:36:19.000,40.65204,-73.97015,21.16836,24.7,30.77344,55.7,29.5,30.25,37.37,05/08/2018
22:36:20.000,40.65206,-73.97009,21.50172,24.7,30.83594,55.7,29.5,30.25,36.87,05/08/2018
22:36:22.000,40.65209,-73.96996,21.50172,26.6,30.90625,55.6,29.5,30.26999,36.60999,05/08/2018
22:36:23.000,40.65211,-73.96989,20.79796,26.6,30.92969,55.6,29.5,30.31,35.14999,05/08/2018
22:36:28.984,40.65227,-73.96955,19.37192,0,30.64063,55,29.6,30.35001,34.63,05/08/2018
22:36:30.000,40.65229,-73.96949,18.76076,0,30.61719,55,29.6,30.37,36.57001,05/08/2018
22:36:32.000,40.65235,-73.96938,18.76076,33.3,30.63281,54.8,29.5,30.35001,35.91,05/08/2018
22:36:32.984,40.65239,-73.96933,20.33496,33.3,30.6875,54.8,29.5,30.37,35.60999,05/08/2018
22:36:34.000,40.65242,-73.96928,20.44608,33.3,30.8125,54.8,29.5,30.37,36.48999,05/08/2018
22:36:35.000,40.65246,-73.96923,20.40904,33.3,30.77344,54.8,29.5,30.38998,36.79001,05/08/2018
22:36:36.000,40.6525,-73.96917,20.90908,33.3,30.6875,54.8,29.5,30.37,34.81,05/08/2018
22:36:36.000,40.6525,-73.96917,20.90908,33.3,30.61719,54.8,29.5,30.38998,32.54999,05/08/2018
22:36:39.000,40.65259,-73.96901,19.39044,33.3,30.54688,55,29.5,30.42999,29.92999,05/08/2018
22:36:40.000,40.65262,-73.96896,19.446,33.3,30.4375,55,29.5,30.42999,29.23001,05/08/2018
22:36:40.984,40.65265,-73.96891,19.03856,33.3,30.39063,55.3,29.6,30.37,29.92999,05/08/2018
22:36:42.000,40.65269,-73.96886,18.92744,33.3,30.28125,55.3,29.6,30.38998,33.79001,05/08/2018
22:36:44.000,40.65276,-73.96877,18.92744,41.9,30.29688,55.2,29.5,30.42999,35.76999,05/08/2018
22:36:44.984,40.6528,-73.96873,19.96456,41.9,30.29688,55.2,29.5,30.42999,35.26999,05/08/2018
22:36:46.000,40.65284,-73.96868,20.07568,41.9,30.21875,55,29.5,30.38998,33.87,05/08/2018
22:36:47.000,40.65288,-73.96864,20.70536,41.9,30.21094,55,29.5,30.38998,32.82999,05/08/2018
22:36:48.000,40.65292,-73.9686,21.1128,41.9,30.1875,55.5,29.5,30.42999,31.98999,05/08/2018
22:36:48.000,40.65292,-73.9686,21.1128,41.9,30.11719,55.5,29.5,30.38998,33.79001,05/08/2018
22:36:51.000,40.65303,-73.96843,20.79796,41.9,30.14063,55.7,29.5,30.38998,38.85001,05/08/2018
22:36:52.000,40.65306,-73.96838,21.1128,41.9,30.10156,55.7,29.5,30.45001,37.32999,05/08/2018
22:36:52.984,40.6531,-73.96831,22.20548,41.9,30.07813,55.8,29.5,30.38998,36.70999,05/08/2018
22:36:54.000,40.65313,-73.96825,22.76108,41.9,30.09375,55.8,29.5,30.42999,37.17001,05/08/2018
22:36:56.000,40.65321,-73.96813,22.687,41.9,30.03906,56,29.5,30.38998,36.60999,05/08/2018
22:36:56.984,40.65325,-73.96806,22.27956,41.9,30.11719,56,29.5,30.42999,38.51001,05/08/2018
22:36:58.000,40.65328,-73.96801,22.14992,41.9,30.19531,55.5,29.5,30.37,38.25,05/08/2018
22:36:59.000,40.65332,-73.96795,22.05732,41.9,30.4375,55.5,29.5,30.38998,36.60999,05/08/2018
22:37:04.000,40.65346,-73.96764,22.39068,0,30.71094,54.6,29.6,30.45001,38.85001,05/08/2018
22:37:06.000,40.6535,-73.96751,22.39068,46,30.74219,54.6,29.6,30.45001,37.35001,05/08/2018
22:37:07.000,40.65352,-73.96743,22.4092,46,30.76563,55,29.6,30.47,33.51001,05/08/2018
22:37:08.000,40.65355,-73.96737,22.81664,46,30.57031,55,29.6,30.47,30.98999,05/08/2018
22:37:08.984,40.65357,-73.9673,22.5018,46,30.48438,55.1,29.6,30.47,31.97,05/08/2018
22:37:10.000,40.65358,-73.96724,22.16844,46,30.4375,55.1,29.6,30.45001,34.81,05/08/2018
22:37:12.000,40.65361,-73.96708,22.79812,46,30.46094,54.2,29.6,30.48999,35.09,05/08/2018
22:37:12.984,40.65363,-73.96702,22.85368,46,30.34375,54.2,29.6,30.48999,36.87,05/08/2018
22:37:18.000,40.65369,-73.96664,24.03896,0,30.21094,54.8,29.6,30.47,37.92999,05/08/2018
22:37:20.000,40.65372,-73.96648,24.03896,41.4,30.21875,54.8,29.6,30.45001,35.47,05/08/2018
22:37:20.984,40.65373,-73.96641,24.2612,41.4,30.28125,55,29.6,30.45001,35.91,05/08/2018
22:37:22.000,40.65374,-73.96632,24.6316,41.4,30.11719,55,29.6,30.45001,39.03,05/08/2018
22:37:23.000,40.65376,-73.96624,23.09444,41.4,30.17188,54.9,29.6,30.45001,41.81,05/08/2018
22:37:24.000,40.65376,-73.96617,22.98332,41.4,30.14844,54.9,29.6,30.48999,37.01001,05/08/2018
22:37:26.000,40.65379,-73.96603,23.00184,41.4,30.1875,54.4,29.6,30.45001,32.59,05/08/2018
22:37:27.000,40.65381,-73.96595,22.5944,41.4,30.05469,54.4,29.6,30.42999,32.31,05/08/2018
22:37:28.000,40.65383,-73.96587,22.46476,41.4,30.0625,54.3,29.6,30.42999,33.91,05/08/2018
22:37:28.984,40.65385,-73.96581,22.5018,41.4,29.92188,54.3,29.6,30.38998,35.70999,05/08/2018
22:37:28.984,40.65385,-73.96581,22.5018,41.4,29.96875,54.5,29.6,30.42999,37.70999,05/08/2018
22:37:32.000,40.65391,-73.96557,22.5018,41.9,30.03125,54.5,29.6,30.38998,36.09,05/08/2018
22:37:32.984,40.65393,-73.96548,24.42788,41.9,29.99219,54,29.5,30.37,31.25,05/08/2018
22:37:34.000,40.65395,-73.96541,23.63152,41.9,30.01563,54,29.5,30.38998,31.29001,05/08/2018
22:37:35.000,40.65398,-73.96533,24.539,41.9,30.03125,53.9,29.5,30.37,30.85001,05/08/2018
22:37:36.000,40.65401,-73.96526,25.29832,41.9,30.14844,53.9,29.5,30.35001,30.81,05/08/2018
22:37:38.000,40.65406,-73.9651,24.77976,41.9,30.21875,54,29.5,30.32999,36.29001,05/08/2018
22:37:39.000,40.65409,-73.96502,25.35388,41.9,30.11719,54,29.5,30.35001,37.98999,05/08/2018
22:37:40.000,40.65412,-73.96495,25.33536,41.9,30.0625,54.4,29.5,30.35001,40.25,05/08/2018
22:37:40.984,40.65415,-73.96487,25.6502,41.9,30.1875,54.4,29.5,30.35001,35.59,05/08/2018
22:37:43.000,40.65421,-73.96473,25.6502,41.1,30.23438,55,29.5,30.35001,32.98999,05/08/2018
22:37:44.000,40.65424,-73.96467,25.6502,41,30.09375,55,29.5,30.32999,34.42999,05/08/2018
22:37:44.984,40.65428,-73.9646,23.29816,41,30.0625,54.7,29.5,30.31,32.53,05/08/2018
22:37:46.000,40.65431,-73.96453,23.40928,41,30.03125,54.7,29.5,30.32999,30.70999,05/08/2018
22:37:47.000,40.65435,-73.96447,24.15008,41,29.99219,54.6,29.5,30.31,32.70999,05/08/2018
22:37:48.000,40.65438,-73.96439,24.13156,41,29.83594,54.6,29.5,30.31,35.88998,05/08/2018
22:37:50.000,40.65446,-73.96427,23.65004,41,29.80469,55.3,29.5,30.31,36.04999,05/08/2018
22:37:51.000,40.6545,-73.96422,22.64996,41,29.80469,55.3,29.5,30.29001,33.63,05/08/2018
22:37:52.000,40.65454,-73.96415,22.687,41,29.78906,55.6,29.4,30.26999,33.63,05/08/2018
22:37:52.984,40.65458,-73.9641,24.02044,41,29.94531,55.6,29.4,30.26999,34.23001,05/08/2018
22:37:55.000,40.65467,-73.96397,24.02044,40.8,29.94531,55,29.4,30.26999,33.47,05/08/2018
22:37:56.000,40.65472,-73.96391,24.02044,40.4,29.89844,55,29.4,30.29001,33.19,05/08/2018
22:37:56.984,40.65478,-73.96386,26.07616,40.4,30.07813,55.5,29.4,30.26999,34.67001,05/08/2018
22:37:58.000,40.65483,-73.9638,26.15024,40.4,30.32031,55.5,29.4,30.26999,35.19,05/08/2018
22:37:59.000,40.65489,-73.96375,25.48352,40.4,30.54688,55,29.5,30.29001,36.92999,05/08/2018
22:38:00.000,40.65494,-73.96371,25.5576,40.4,30.63281,55,29.5,30.31,39.47,05/08/2018
22:38:02.000,40.65505,-73.96362,24.87236,40.4,30.6875,55.9,29.5,30.32999,39.75,05/08/2018
22:38:03.000,40.6551,-73.96357,24.98348,40.4,30.6875,55.9,29.5,30.31,37.42999,05/08/2018
22:38:04.000,40.65516,-73.96352,24.3538,40.4,30.53125,54.8,29.6,30.35001,36.88998,05/08/2018
22:38:04.984,40.65521,-73.96347,23.76116,40.4,30.46094,54.8,29.6,30.35001,37.54999,05/08/2018
22:38:07.000,40.65531,-73.96339,23.76116,38.7,30.5,55.6,29.6,30.35001,36.70999,05/08/2018
22:38:08.000,40.65537,-73.96336,23.76116,38.5,30.63281,55.6,29.6,30.35001,36.85001,05/08/2018
22:38:08.984,40.65542,-73.96333,23.90932,38.5,30.54688,54.9,29.6,30.38998,38.88998,05/08/2018
22:38:10.000,40.65548,-73.96329,24.22416,38.5,30.57031,54.9,29.6,30.38998,38.54999,05/08/2018
22:38:11.000,40.65554,-73.96326,24.61308,38.5,30.71094,55.4,29.6,30.42999,37.42999,05/08/2018
22:38:11.000,40.65554,-73.96326,24.61308,38.5,30.90625,55.4,29.6,30.42999,39.95001,05/08/2018
22:38:18.000,40.65593,-73.96304,24.2612,0,31.24219,53.6,29.8,30.53,38.92999,05/08/2018
22:38:19.000,40.65598,-73.96301,24.13156,0,30.66406,53.6,29.8,30.51001,38.35001,05/08/2018
22:38:20.984,40.65608,-73.96296,22.224,0,30.50781,54.6,29.8,30.51001,40.54999,05/08/2018
22:38:22.000,40.65614,-73.96293,22.26104,0,30.67969,54.6,29.8,30.51001,38.09,05/08/2018
22:38:23.000,40.65619,-73.96291,23.00184,0,30.65625,54,29.8,30.51001,35.75,05/08/2018
22:38:24.000,40.65624,-73.96288,22.89072,0,30.63281,54,29.8,30.51001,33.98999,05/08/2018
22:38:26.000,40.65635,-73.96284,22.89072,34,30.61719,53.9,29.8,30.53,36.60999,05/08/2018
22:38:27.000,40.65641,-73.96282,23.5204,34,30.42969,53.9,29.8,30.51001,36.29001,05/08/2018
22:38:28.000,40.65647,-73.96281,23.40928,34,30.67969,54.8,29.7,30.54999,36.37,05/08/2018
22:38:28.984,40.65652,-73.96281,23.02036,34,30.76563,54.8,29.7,30.57001,35.31,05/08/2018
22:38:30.000,40.65658,-73.9628,23.0574,34,30.67969,53.9,29.8,30.53,34.07001,05/08/2018
22:38:30.000,40.65658,-73.9628,23.0574,34,30.63281,53.9,29.8,30.53,36.45001,05/08/2018
22:38:32.984,40.65675,-73.96278,20.96464,34,30.61719,53.6,29.8,30.54999,39.76999,05/08/2018
22:38:34.000,40.6568,-73.96278,22.57588,34,30.48438,53.6,29.8,30.54999,35.45001,05/08/2018
22:38:35.000,40.65686,-73.96278,21.761,34,30.21875,54.9,29.8,30.48999,33.38998,05/08/2018
22:38:36.000,40.65691,-73.96278,21.761,34,29.92188,54.9,29.8,30.47,34.60999,05/08/2018
22:38:40.984,40.65716,-73.9628,18.11256,0,29.5625,56.4,29.6,30.37,32.82999,05/08/2018
22:38:43.000,40.65727,-73.96282,18.11256,32.1,29.51563,56.4,29.6,30.35001,30.73001,05/08/2018
22:38:47.000,40.65748,-73.9629,19.20524,0,29.23438,59.5,29.4,30.23001,31.48999,05/08/2018
22:38:47.000,40.65748,-73.9629,19.20524,0,29.07813,59.5,29.4,30.17001,28.10999,05/08/2018
22:38:50.000,40.65765,-73.96301,24.68716,0,29.16406,58.6,29.4,30.17001,31.70999,05/08/2018
22:38:55.000,40.65797,-73.96318,25.05756,28.1,29.3125,57.3,29.3,30.10999,30.70999,05/08/2018
22:38:56.000,40.65803,-73.96322,24.42788,28.1,29.21094,57.3,29.3,30.09,30.87,05/08/2018
22:38:56.984,40.65809,-73.96325,24.05748,28.1,29.125,58.1,29.3,30.04999,36.37,05/08/2018
22:38:56.984,40.65809,-73.96325,24.05748,28.1,29.05469,58.1,29.3,30.03,39.48999,05/08/2018
22:39:00.000,40.65828,-73.96335,24.09452,28.1,29.33594,58.5,29.3,30.03,40.20999,05/08/2018
22:39:00.984,40.65833,-73.96338,23.96488,28.1,29.53906,58.5,29.3,30.07001,40.60999,05/08/2018
22:39:02.000,40.65839,-73.96341,24.02044,28.1,29.96094,57.6,29.3,30.07001,39.63,05/08/2018
22:39:03.000,40.65845,-73.96345,23.44632,28.1,29.94531,57.6,29.3,30.09,39.32999,05/08/2018
22:39:04.984,40.65856,-73.9635,23.55744,28.1,29.85938,56.7,29.4,30.09,38.41,05/08/2018
22:39:06.000,40.65862,-73.96352,23.5204,28.1,29.99219,56.7,29.4,30.09,36.73001,05/08/2018
22:39:07.000,40.65868,-73.96352,24.20564,28.1,30.11719,56.5,29.3,30.09,35.35001,05/08/2018
22:39:08.000,40.65874,-73.96352,24.076,28.1,30.14063,56.5,29.3,30.10999,34.47,05/08/2018
22:39:08.984,40.6588,-73.96352,23.02036,28.1,30.09375,55.6,29.4,30.10999,35.47,05/08/2018
22:39:08.984,40.6588,-73.96352,23.02036,28.1,30.01563,55.6,29.4,30.13,36.37,05/08/2018
22:39:12.000,40.65899,-73.96347,23.37224,28.1,30.17188,57.1,29.4,30.13,34.54999,05/08/2018
22:39:12.984,40.65904,-73.96346,22.27956,28.1,30.10156,57.1,29.4,30.17001,35.38998,05/08/2018
22:39:14.000,40.6591,-73.96342,20.7424,28.1,30.28125,57.6,29.5,30.13,35.35001,05/08/2018
22:39:15.000,40.65916,-73.96342,21.92768,28.1,30.41406,57.6,29.5,30.20999,36.73001,05/08/2018
22:39:16.984,40.65928,-73.96345,21.92768,22.5,30.45313,57.1,29.5,30.20999,36.29001,05/08/2018
22:39:18.000,40.65934,-73.96346,22.98332,22.5,30.45313,57.1,29.5,30.25,36.57001,05/08/2018
22:39:19.000,40.6594,-73.96348,22.63144,22.5,30.41406,56.7,29.5,30.23001,36.47,05/08/2018
22:39:20.000,40.65945,-73.9635,20.76092,22.5,30.41406,56.7,29.5,30.20999,35.75,05/08/2018
22:39:20.984,40.6595,-73.96352,20.02012,22.5,30.14844,56.2,29.5,30.20999,34.23001,05/08/2018
22:39:20.984,40.6595,-73.96352,20.02012,22.5,30.21875,56.2,29.5,30.23001,33.25,05/08/2018
22:39:24.000,40.65963,-73.96362,18.4274,22.5,30.32813,57.1,29.5,30.26999,32.35001,05/08/2018
22:39:24.984,40.65968,-73.96366,20.40904,22.5,30.28125,57.1,29.5,30.25,33.57001,05/08/2018
22:39:26.000,40.65973,-73.9637,20.0942,22.5,30.25,56.2,29.5,30.25,35.47,05/08/2018
22:39:27.000,40.65979,-73.96372,20.79796,22.5,30.16406,56.2,29.5,30.23001,36.73001,05/08/2018
22:39:28.984,40.65989,-73.96377,20.05716,22.5,30.09375,56.4,29.5,30.26999,39.41,05/08/2018
22:39:30.000,40.65993,-73.9638,18.983,22.5,30.35156,56.4,29.5,30.29001,39.76999,05/08/2018
22:39:31.000,40.65998,-73.96384,19.77936,22.5,30.34375,56.7,29.5,30.26999,39.04999,05/08/2018
22:39:32.000,40.66003,-73.96387,20.48312,22.5,30.16406,56.7,29.5,30.26999,37.01001,05/08/2018
22:39:32.984,40.66008,-73.96391,21.90916,22.5,30.4375,56.3,29.6,30.31,36.07001,05/08/2018
22:39:38.000,40.66033,-73.96407,19.64972,0,30.48438,55.9,29.6,30.32999,37.59,05/08/2018
22:39:39.000,40.66038,-73.9641,19.1682,0,30.21875,55.9,29.6,30.31,38.92999,05/08/2018
22:39:40.984,40.66047,-73.96415,19.98308,0,30.14063,56.3,29.6,30.32999,38.88998,05/08/2018
22:39:42.000,40.66052,-73.96418,19.3534,0,30.28125,56.3,29.6,30.35001,39.32999,05/08/2018
22:39:43.000,40.66056,-73.9642,19.24228,0,30.48438,55.3,29.6,30.32999,38.45001,05/08/2018
22:39:44.000,40.66061,-73.96423,18.92744,0,30.375,55.3,29.6,30.35001,38.51001,05/08/2018
22:39:44.000,40.66061,-73.96423,18.92744,0,30.27344,54.3,29.7,30.37,37.45001,05/08/2018
22:39:47.000,40.66074,-73.96431,18.92744,25.6,30.32813,54.3,29.7,30.37,36.76999,05/08/2018
22:39:48.000,40.66078,-73.96433,19.09412,25.6,30.41406,54,29.7,30.38998,36.47,05/08/2018
22:39:48.984,40.66083,-73.96436,18.96448,25.6,30.35156,54,29.7,30.35001,36.25,05/08/2018
22:39:50.000,40.66087,-73.96439,18.8904,25.6,30.30469,54.6,29.7,30.42999,35.81,05/08/2018
22:39:51.000,40.66091,-73.96441,18.7978,25.6,30.23438,54.6,29.7,30.38998,35.53,05/08/2018
22:39:52.984,40.661,-73.96445,17.6866,25.6,30.23438,54.4,29.7,30.37,36.04999,05/08/2018
22:39:54.000,40.66103,-73.96447,17.26064,25.6,30.21875,54.4,29.7,30.38998,33.07001,05/08/2018
22:39:56.984,40.66115,-73.96453,15.48272,0,30.21094,53.6,29.7,30.38998,30.98999,05/08/2018
22:39:58.000,40.66118,-73.96455,14.83452,0,30.07813,53.6,29.7,30.38998,30.73001,05/08/2018
22:39:59.000,40.66122,-73.96458,15.13084,0,30.09375,54.3,29.7,30.37,32.35001,05/08/2018
22:40:00.000,40.66125,-73.9646,16.03832,0,29.96094,54.3,29.7,30.37,33.73001,05/08/2018
22:40:02.000,40.66135,-73.96465,16.03832,28.3,29.94531,54.3,29.6,30.37,33.57001,05/08/2018
22:40:03.000,40.6614,-73.96468,16.03832,28.5,29.76563,54.3,29.6,30.35001,32.81,05/08/2018
22:40:08.000,40.66169,-73.96481,22.53884,0,27.875,60,29.3,30.09,37.04999,05/08/2018
22:40:08.984,40.66174,-73.96484,22.98332,0,28.02344,60,29.3,30.04999,35.29001,05/08/2018
22:40:10.000,40.6618,-73.96486,23.44632,0,28.1875,59.3,29.2,30.01001,34.37,05/08/2018
22:40:11.000,40.66187,-73.96489,24.77976,0,28.15625,59.3,29.2,29.98999,32.81,05/08/2018
22:40:12.984,40.66199,-73.96495,26.40952,0,28.03125,59.7,29.1,29.87,32.17001,05/08/2018
22:40:14.000,40.66204,-73.96498,24.61308,0,27.89063,59.7,29.1,29.82999,30.25,05/08/2018
22:40:15.000,40.66211,-73.96501,24.66864,0,27.89063,60.8,28.9,29.76999,31.85001,05/08/2018
22:40:16.000,40.66216,-73.96505,24.539,0,27.61719,60.8,28.9,29.73001,33.07001,05/08/2018
22:40:16.984,40.66222,-73.96507,24.02044,0,27.46875,60.4,28.8,29.69,32.48999,05/08/2018
22:40:16.984,40.66222,-73.96507,24.02044,0,27.3125,60.4,28.8,29.59,34.91,05/08/2018
22:40:20.000,40.66241,-73.96513,26.35396,0,27.0625,60.6,28.7,29.51001,37.87,05/08/2018
22:40:20.984,40.66247,-73.96516,26.26136,0,27.09375,60.6,28.7,29.47,38.26999,05/08/2018
22:40:22.000,40.66253,-73.96519,25.29832,0,27.07813,62.1,28.5,29.41,33.91,05/08/2018
22:40:32.984,40.66309,-73.96521,18.00144,0,24.88281,67.8,27.8,28.57001,28.13,05/08/2018
22:40:34.000,40.66314,-73.96521,18.48296,0,24.67969,67.8,27.8,28.48999,30.17001,05/08/2018
22:40:36.000,40.66323,-73.96522,18.48296,21.1,24.63281,68.3,27.7,28.37,29.14999,05/08/2018
22:40:36.984,40.66328,-73.96523,16.53836,21.1,24.63281,68.3,27.7,28.31,31.04999,05/08/2018
22:40:38.000,40.66334,-73.96523,19.2608,21.1,24.66406,67.6,27.5,28.23001,29.38998,05/08/2018
22:40:39.000,40.6634,-73.96524,17.4088,21.1,24.79688,67.6,27.5,28.13,27.75,05/08/2018
22:40:44.000,40.66369,-73.96535,22.29808,0,24.74219,67.8,27.1,27.87,31.97,05/08/2018
22:40:44.984,40.66375,-73.96537,21.14984,0,24.6875,67.8,27.1,27.81,29.75,05/08/2018
22:40:47.000,40.66385,-73.96542,18.52,0,24.61719,68.3,27.1,27.73001,32.69,05/08/2018
22:40:48.000,40.6639,-73.96545,19.83492,0,24.50781,68.3,27.1,27.64999,32.04999,05/08/2018
22:40:48.984,40.66396,-73.96547,20.76092,0,24.54688,69.2,27,27.60999,33.92999,05/08/2018
22:40:50.000,40.66402,-73.9655,22.66848,0,24.63281,69.2,27,27.59,30.03,05/08/2018
22:40:58.000,40.66444,-73.9657,19.68676,-0.5,24.83594,70.3,26.7,27.35001,29.29001,05/08/2018
22:40:59.000,40.66449,-73.96572,20.76092,-0.5,24.78906,70.3,26.7,27.26999,28.97,05/08/2018
22:41:00.000,40.66455,-73.96574,22.27956,-0.5,24.95313,70.7,26.7,27.23001,29.63,05/08/2018
22:41:06.000,40.66493,-73.96595,25.52056,0,25.14844,70.7,26.6,27.14999,34.92999,05/08/2018
22:41:07.000,40.66499,-73.96599,24.74272,0,25.35156,70.7,26.6,27.09,34.67001,05/08/2018
22:41:08.000,40.66506,-73.96603,24.29824,0,25.52344,71.3,26.6,27.14999,31.47,05/08/2018
22:41:11.000,40.66525,-73.96609,23.613,0,25.4375,71.4,26.6,27.04999,31.69,05/08/2018
22:41:12.000,40.66532,-73.96614,25.63168,0,25.1875,71.4,26.6,26.98999,29.76999,05/08/2018
22:41:12.984,40.66539,-73.96619,25.5576,0,25.17188,71.7,26.6,26.95001,31.53,05/08/2018
22:41:18.000,40.66569,-73.96635,27.26144,0,25.66406,70.6,26.5,26.92999,30.38998,05/08/2018
22:41:19.000,40.66575,-73.96642,27.63184,0,25.74219,70.6,26.5,26.91,30.51001,05/08/2018
22:41:22.000,40.66592,-73.96658,27.61332,0,25.625,69.3,26.5,26.87,29.31,05/08/2018
22:41:23.000,40.66598,-73.96665,27.74296,0,25.60938,69.3,26.5,26.85001,29.57001,05/08/2018
22:41:24.000,40.66603,-73.96671,24.09452,0,25.54688,71.2,26.5,26.81,30.14999,05/08/2018
22:41:24.984,40.66608,-73.96677,22.83516,0,25.40625,71.2,26.5,26.81,29.10999,05/08/2018
22:41:31.000,40.66634,-73.96709,16.8532,0,25.72656,72.2,26.4,26.81,28.23001,05/08/2018
22:41:32.000,40.66638,-73.96713,16.09388,0,25.78906,72.2,26.4,26.79001,27.91,05/08/2018
22:41:32.984,40.66641,-73.96718,16.205,0,25.6875,71.6,26.4,26.79001,27.85001,05/08/2018
22:41:34.000,40.66644,-73.96722,17.2236,0,25.5625,71.6,26.4,26.73001,29.57001,05/08/2018
22:41:36.000,40.66652,-73.96729,17.2236,-6.9,25.52344,73.6,26.4,26.73001,29.23001,05/08/2018
22:41:36.984,40.66656,-73.96733,16.96432,-6.9,25.39063,73.6,26.4,26.70999,29.64999,05/08/2018
22:41:38.000,40.66658,-73.96738,16.42724,-6.9,25.25781,73.8,26.3,26.69,28.19,05/08/2018
22:41:39.000,40.66661,-73.96743,15.13084,-6.9,25.21094,73.8,26.3,26.64999,28.17001,05/08/2018
22:41:40.000,40.66665,-73.96748,15.03824,-6.9,25.14844,72.5,26.3,26.64999,29.54999,05/08/2018
22:41:40.000,40.66665,-73.96748,15.03824,-6.9,25.0625,72.5,26.3,26.64999,33.64999,05/08/2018
22:41:43.000,40.66671,-73.96764,17.83476,-6.9,25.02344,72.1,26.3,26.60999,33.54999,05/08/2018
22:41:44.000,40.66674,-73.9677,14.85304,-6.9,24.92969,72.1,26.3,26.59,31.75,05/08/2018
22:41:44.984,40.66676,-73.96774,14.00112,-6.9,24.92969,72.9,26.2,26.57001,29.03,05/08/2018
22:41:46.000,40.66679,-73.96778,13.87148,-6.9,25.13281,72.9,26.2,26.57001,27.67001,05/08/2018
22:41:48.000,40.66683,-73.96786,14.39004,-6.9,25.08594,71.5,26.2,26.53,27.14999,05/08/2018
22:41:48.984,40.66685,-73.9679,13.27884,-6.9,25.1875,71.5,26.2,26.51001,26.97,05/08/2018
22:41:50.000,40.66686,-73.96799,14.31596,-6.9,25.24219,71.4,26.2,26.51001,27.48999,05/08/2018
22:41:51.000,40.66687,-73.96805,15.33456,-6.9,25.49219,71.4,26.2,26.57001,32.03,05/08/2018
22:41:52.000,40.66689,-73.96811,14.27892,-6.9,25.6875,71.1,26.2,26.53,32.81,05/08/2018
22:41:54.000,40.66694,-73.96822,14.27892,-19.9,25.9375,71.1,26.2,26.59,32.60999,05/08/2018
22:41:55.000,40.66697,-73.96827,17.7792,-19.9,26.10156,71.1,26.3,26.60999,33.04999,05/08/2018
22:41:56.000,40.66699,-73.96832,16.70504,-19.9,26.22656,71.1,26.3,26.59,32.25,05/08/2018
22:41:56.984,40.66702,-73.96837,15.89016,-19.9,26.33594,71.1,26.3,26.63,32.91,05/08/2018
22:41:58.000,40.66704,-73.96841,15.35308,-19.9,26.625,71.1,26.3,26.64999,38.54999,05/08/2018
22:42:00.000,40.66712,-73.96849,18.64964,-19.9,26.91406,71.1,26.3,26.67001,38.97,05/08/2018
22:42:00.984,40.66716,-73.96853,18.983,-19.9,27.07813,71.1,26.3,26.70999,38.59,05/08/2018
22:42:02.000,40.6672,-73.96856,18.96448,-19.9,27.25,71.2,26.4,26.73001,38.45001,05/08/2018
22:42:03.000,40.66725,-73.9686,19.27932,-19.9,27.33594,71.2,26.4,26.81,38.37,05/08/2018
22:42:03.000,40.66725,-73.9686,19.27932,-19.9,27.64844,71.2,26.5,26.82999,36.97,05/08/2018
22:42:06.000,40.6674,-73.96865,19.27932,-27.6,28.00781,71.2,26.5,26.87,38.76999,05/08/2018
22:42:07.000,40.66745,-73.96866,19.74232,-27.6,28.33594,68.3,26.6,26.91,40.45001,05/08/2018
22:42:08.000,40.6675,-73.96867,18.59408,-27.6,28.63281,68.3,26.6,26.98999,37.85001,05/08/2018
22:42:08.984,40.66754,-73.96867,17.90884,-27.6,28.67969,69.7,26.6,27.03,34.63,05/08/2018
22:42:10.000,40.66759,-73.96867,17.85328,-27.6,28.46875,69.7,26.6,27.07001,32.95001,05/08/2018
22:42:12.000,40.66767,-73.96867,16.96432,-27.6,28.49219,69.1,26.8,27.13,32.60999,05/08/2018
22:42:12.984,40.66772,-73.96866,17.74216,-27.6,28.57813,69.1,26.8,27.14999,32.70999,05/08/2018
22:42:14.000,40.66777,-73.96865,17.8718,-27.6,28.60938,68.1,26.8,27.19,31.07001,05/08/2018
22:42:15.000,40.6678,-73.96864,16.68652,-27.6,28.64844,68.1,26.8,27.23001,30.47,05/08/2018
22:42:15.000,40.6678,-73.96864,16.68652,-27.6,28.58594,66.6,26.9,27.26999,30.73001,05/08/2018
22:42:15.000,40.6678,-73.96864,16.68652,-27.6,28.52344,66.6,26.9,27.26999,29.70999,05/08/2018
22:42:19.000,40.66798,-73.96866,17.85328,-27.6,28.46875,66.2,26.9,27.35001,29.37,05/08/2018
22:42:20.000,40.66803,-73.96867,17.37176,-27.6,28.5,66.2,26.9,27.35001,29.98999,05/08/2018
22:42:20.984,40.66807,-73.9687,19.22376,-27.6,28.51563,66,27,27.38998,32.45001,05/08/2018
22:42:22.000,40.66811,-73.96872,18.29776,-27.6,28.60156,66,27,27.42999,33.26999,05/08/2018
22:42:24.000,40.66821,-73.96878,18.90892,-27.6,28.625,66.1,27,27.47,36.70999,05/08/2018
22:42:24.984,40.66826,-73.96882,18.6126,-27.6,28.49219,66.1,27,27.45001,37.82999,05/08/2018
22:42:26.000,40.6683,-73.96885,17.76068,-27.6,28.33594,67.2,27,27.51001,37.10999,05/08/2018
22:42:27.000,40.66835,-73.96887,17.05692,-27.6,28.23438,67.2,27,27.48999,36.87,05/08/2018
22:42:27.000,40.66835,-73.96887,17.05692,-27.6,28.20313,68,27.1,27.53,35.53,05/08/2018
22:42:30.000,40.66848,-73.96896,17.05692,-34.7,28.22656,68,27.1,27.60999,36.88998,05/08/2018
22:42:31.000,40.66852,-73.96898,16.63096,-34.7,28.27344,67.8,27.1,27.59,35.67001,05/08/2018
22:42:32.000,40.66856,-73.96899,17.00136,-34.7,28.39063,67.8,27.1,27.64999,30.59,05/08/2018
22:42:32.984,40.6686,-73.969,16.9458,-34.7,28.51563,67,27.1,27.63,30.53,05/08/2018
22:42:34.000,40.66864,-73.96901,16.8532,-34.7,28.53906,67,27.1,27.69,30.87,05/08/2018
22:42:36.000,40.66873,-73.96901,16.61244,-34.7,28.52344,66.5,27.2,27.70999,33.48999,05/08/2018
22:42:36.984,40.66877,-73.96901,17.01988,-34.7,28.53906,66.5,27.2,27.73001,38.26999,05/08/2018
22:42:38.000,40.66882,-73.969,16.92728,-34.7,28.64844,66.9,27.2,27.79001,39.19,05/08/2018
22:42:39.000,40.66887,-73.96899,17.79772,-34.7,28.85156,66.9,27.2,27.81,37.26999,05/08/2018
22:42:39.000,40.66887,-73.96899,17.79772,-34.7,29.03125,67.3,27.2,27.85001,38.70999,05/08/2018
22:42:42.000,40.669,-73.96894,17.79772,-35.5,29.04688,67.3,27.2,27.87,38.76999,05/08/2018
22:42:43.000,40.66904,-73.96892,17.01988,-35.5,28.98438,67.3,27.3,27.88998,37.48999,05/08/2018
22:42:44.000,40.66909,-73.96889,19.33488,-35.5,29.04688,67.3,27.3,27.92999,39.59,05/08/2018
22:42:44.984,40.66914,-73.96887,20.5572,-35.5,29.3125,67.3,27.3,27.95001,37.87,05/08/2018
22:42:46.000,40.66919,-73.96885,19.66824,-35.5,29.35938,67.3,27.3,28.01001,37.70999,05/08/2018
22:42:48.000,40.66928,-73.9688,19.29784,-35.5,29.20313,67.5,27.4,28.03,33.85001,05/08/2018
22:42:48.984,40.66932,-73.96877,19.20524,-35.5,29.02344,67.5,27.4,28.07001,34.92999,05/08/2018
22:42:50.000,40.66936,-73.96873,19.18672,-35.5,28.82813,68.8,27.5,28.07001,32.98999,05/08/2018
22:42:51.000,40.66941,-73.96871,19.33488,-35.5,28.69531,68.8,27.5,28.07001,37.01001,05/08/2018
22:42:51.000,40.66941,-73.96871,19.33488,-35.5,28.60938,67.8,27.5,28.10999,38.41,05/08/2018
22:42:54.000,40.66954,-73.96863,19.33488,-34.8,28.67969,67.8,27.5,28.09,34.81,05/08/2018
22:42:55.000,40.66957,-73.9686,18.35332,-34.8,28.71875,68.4,27.5,28.10999,30.51001,05/08/2018
22:42:56.000,40.66961,-73.96855,17.53844,-34.8,28.60156,68.4,27.5,28.14999,32.09,05/08/2018
22:42:56.984,40.66965,-73.96852,17.64956,-34.8,28.55469,66.7,27.5,28.14999,33.26999,05/08/2018
22:42:58.000,40.66969,-73.96849,18.46444,-34.8,28.47656,66.7,27.5,28.17001,30.91,05/08/2018
22:43:00.000,40.66978,-73.96843,17.24212,-34.8,28.47656,65.5,27.5,28.17001,32.54999,05/08/2018
22:43:00.984,40.66982,-73.96841,16.55688,-34.8,28.46875,65.5,27.5,28.17001,35.38998,05/08/2018
22:43:02.000,40.66986,-73.96839,18.31628,-34.8,28.42969,65,27.5,28.19,38.51001,05/08/2018
22:43:03.000,40.66991,-73.96837,18.40888,-34.8,28.64844,65,27.5,28.19,37.91,05/08/2018
22:43:04.984,40.66999,-73.96835,16.92728,-34.8,28.69531,65.8,27.5,28.25,36.48999,05/08/2018
22:43:06.000,40.67004,-73.96834,16.59392,-34.8,28.67969,65.8,27.5,28.25,40.29001,05/08/2018
22:43:07.000,40.67009,-73.96833,16.74208,-34.8,28.76563,65.8,27.6,28.26999,39.01001,05/08/2018
22:43:08.000,40.67013,-73.96834,16.70504,-34.8,29.02344,65.8,27.6,28.31,41.01001,05/08/2018
22:43:08.984,40.67017,-73.96835,16.55688,-34.8,29.33594,66.8,27.6,28.32999,38.67001,05/08/2018
22:43:08.984,40.67017,-73.96835,16.55688,-34.8,29.5,66.8,27.6,28.35001,37.17001,05/08/2018
22:43:12.000,40.6703,-73.96838,17.3162,-34.8,29.625,66.7,27.7,28.45001,34.82999,05/08/2018
22:43:12.984,40.67035,-73.9684,17.26064,-34.8,29.78906,66.7,27.7,28.41,31.67001,05/08/2018
22:43:14.000,40.6704,-73.96842,18.16812,-34.8,29.80469,64.6,27.8,28.48999,29.82999,05/08/2018
22:43:15.000,40.67045,-73.96846,21.16836,-34.8,29.8125,64.6,27.8,28.53,33.41,05/08/2018
22:43:16.984,40.67055,-73.96853,21.16836,-29.6,29.85938,63.9,27.8,28.54999,32.98999,05/08/2018
22:43:18.000,40.6706,-73.96858,22.20548,-29.6,29.75,63.9,27.8,28.57001,34.13,05/08/2018
22:43:19.000,40.67065,-73.96863,21.24244,-29.6,29.625,63.7,27.9,28.60999,33.04999,05/08/2018
22:43:26.000,40.67095,-73.96904,26.00208,0,29.8125,63.4,28.1,28.75,34.54999,05/08/2018
22:43:27.000,40.67099,-73.96912,26.09468,0,29.71875,63.4,28.1,28.79001,32.31,05/08/2018
22:43:32.000,40.67126,-73.96941,28.35412,0,29.71875,62.4,28.2,28.91,37.35001,05/08/2018
22:43:32.984,40.67132,-73.96945,28.03928,0,29.625,62.4,28.2,28.92999,35.97,05/08/2018
22:43:35.000,40.67146,-73.96948,27.26144,0,29.57031,63.8,28.2,28.85001,36.20999,05/08/2018
22:43:36.000,40.67153,-73.9695,27.33552,0,29.1875,63.8,28.2,28.91,36.23001,05/08/2018
22:43:36.984,40.67159,-73.96951,24.9094,0,29.42969,64.5,28.2,28.92999,36.70999,05/08/2018
22:43:38.000,40.67165,-73.96952,21.96472,0,29.67969,64.5,28.2,28.98999,35.97,05/08/2018
22:43:38.000,40.67165,-73.96952,21.96472,0,29.875,64.3,28.2,28.97,36.54999,05/08/2018
22:43:40.984,40.6718,-73.96955,21.96472,-11.2,29.78125,64.3,28.2,28.98999,38.32999,05/08/2018
22:43:42.000,40.67185,-73.96956,20.24236,-11.2,29.45313,63,28.2,29.01001,37.03,05/08/2018
22:43:43.000,40.6719,-73.96957,20.29792,-11.2,29.21094,63,28.2,29.03,37.19,05/08/2018
22:43:44.000,40.67195,-73.96958,20.02012,-11.2,29.38281,64.5,28.2,28.98999,38.26999,05/08/2018
22:43:44.984,40.672,-73.96959,18.59408,-11.2,29.39063,64.5,28.2,29.01001,37.85001,05/08/2018
22:43:47.000,40.67208,-73.96962,15.33456,-11.2,29.38281,64.6,28.2,29.03,37.04999,05/08/2018
22:43:48.000,40.67213,-73.96963,13.20476,-11.2,29.32031,64.6,28.2,29.03,37.51001,05/08/2018
22:43:48.984,40.67216,-73.96965,13.07512,-11.2,29.35938,64.4,28.2,29.04999,36.63,05/08/2018
22:43:50.000,40.6722,-73.96967,13.53812,-11.2,29.52344,64.4,28.2,29.07001,36.09,05/08/2018
22:43:50.000,40.6722,-73.96967,13.53812,-11.2,29.64844,63.3,28.2,29.10999,36.85001,05/08/2018
22:43:52.984,40.67231,-73.96972,13.53812,21.2,29.74219,63.3,28.2,29.10999,37.29001,05/08/2018
22:43:54.000,40.67234,-73.96972,10.22304,21.2,29.72656,62.5,28.2,29.10999,37.25,05/08/2018
22:43:56.000,40.67237,-73.96973,5.44488,21.2,29.82813,62.2,28.2,29.17001,37.03,05/08/2018
22:47:11.000,40.67245,-73.96972,10.59344,38.2,29.78125,60.3,28.9,30.48999,37.26999,05/08/2018
22:47:12.000,40.67248,-73.96971,10.5564,38.2,29.80469,60.3,28.9,30.45001,38.17001,05/08/2018
22:47:12.984,40.67251,-73.9697,13.22328,38.2,29.96875,60.1,28.9,30.47,39.95001,05/08/2018
22:47:14.000,40.67255,-73.9697,14.51968,38.2,30.28125,60.1,28.9,30.48999,39.91,05/08/2018
22:47:16.000,40.67262,-73.96969,14.29744,38.2,30.40625,59.3,28.9,30.47,40.01001,05/08/2018
22:47:16.984,40.67265,-73.96968,12.00096,38.2,31.07813,59.3,28.9,30.51001,39.75,05/08/2018
22:47:18.000,40.67268,-73.96965,12.74176,38.2,30.82031,58.8,29,30.47,39.26999,05/08/2018
22:47:19.000,40.6727,-73.96962,14.50116,38.2,30.46094,58.8,29,30.51001,38.53,05/08/2018
22:47:20.984,40.67273,-73.96953,14.50116,36,30.27344,58.6,29.1,30.48999,38.41,05/08/2018
22:47:22.000,40.67274,-73.9695,14.50116,35.7,30.17188,58.6,29.1,30.47,38.17001,05/08/2018
22:47:23.000,40.67274,-73.96947,7.25984,35.7,30.21094,58.4,29,30.47,37.82999,05/08/2018
22:47:34.000,40.67277,-73.9694,9.50076,35.7,30.59375,59.1,29.1,30.53,38.48999,05/08/2018
22:47:35.000,40.67278,-73.96938,10.5564,35.7,30.63281,59.1,29.1,30.53,38.60999,05/08/2018
22:47:36.000,40.6728,-73.96934,12.72324,35.7,30.70313,59.1,29.1,30.57001,38.09,05/08/2018
22:47:36.984,40.67281,-73.96929,13.5196,35.7,30.78906,59.1,29.1,30.54999,38.51001,05/08/2018
22:47:38.000,40.67283,-73.96925,14.55672,35.7,30.77344,59.1,29.1,30.54999,36.76999,05/08/2018
22:47:40.000,40.67286,-73.96917,10.05636,35.7,30.79688,59.3,29.2,30.57001,36.47,05/08/2018
22:47:40.984,40.67287,-73.96915,6.63016,35.7,30.67969,59.3,29.2,30.57001,36.76999,05/08/2018
22:47:42.000,40.67288,-73.96912,5.75972,35.7,30.70313,59.4,29.2,30.59,37.60999,05/08/2018
22:48:46.000,40.67297,-73.96899,11.90836,35.7,30.86719,58.5,29.4,30.98999,39.29001,05/08/2018
22:48:47.000,40.673,-73.96899,12.27876,35.7,31.0625,58.3,29.4,31.01001,36.29001,05/08/2018
22:48:48.000,40.67304,-73.96897,15.85312,35.7,31.42188,58.3,29.4,31.03,37.25,05/08/2018
22:48:48.984,40.67308,-73.96895,16.51984,35.7,31.54688,58,29.5,31.04999,40.57001,05/08/2018
22:48:55.000,40.67334,-73.9688,22.74256,0,31.21875,57.2,29.6,31.03,33.76999,05/08/2018
22:48:56.000,40.67339,-73.96878,21.33504,0,30.95313,57.2,29.6,31.01001,32.63,05/08/2018
22:48:56.000,40.67339,-73.96878,21.33504,0,30.94531,56.9,29.6,31.01001,33.17001,05/08/2018
22:48:59.000,40.6735,-73.96873,21.33504,36.5,30.83594,56.9,29.6,31.03,34.69,05/08/2018
22:49:00.000,40.67355,-73.96872,19.94604,36.5,30.70313,56.6,29.6,30.98999,34.07001,05/08/2018
22:49:00.984,40.6736,-73.9687,21.03872,36.5,30.58594,56.6,29.6,30.92999,33.79001,05/08/2018
22:49:02.000,40.67363,-73.9687,18.85336,36.5,30.54688,56.3,29.6,30.97,33.98999,05/08/2018
22:49:03.000,40.67367,-73.96871,19.8164,36.5,30.40625,56.3,29.6,30.92999,31.32999,05/08/2018
22:49:04.984,40.67376,-73.9687,17.9644,36.5,29.96094,57.7,29.6,30.91,32.67001,05/08/2018
22:49:06.000,40.67379,-73.96868,15.72348,36.5,29.69531,57.7,29.6,30.87,33.47,05/08/2018
22:49:07.000,40.67383,-73.96864,18.40888,36.5,29.36719,59.2,29.5,30.81,35.75,05/08/2018
22:49:08.000,40.67385,-73.96859,20.33496,36.5,29.1875,59.2,29.5,30.70999,36.69,05/08/2018
22:49:14.000,40.67397,-73.96817,21.22392,0,30.125,58.6,29.4,30.67001,39.91,05/08/2018
22:49:15.000,40.67399,-73.96811,21.24244,0,30.50781,58.6,29.4,30.67001,38.03,05/08/2018
22:49:16.000,40.67402,-73.96804,21.68692,0,30.63281,57.9,29.4,30.69,38.04999,05/08/2018
22:49:20.000,40.67411,-73.96777,20.81648,0,30.76563,56.8,29.5,30.67001,39.04999,05/08/2018
22:49:20.984,40.67412,-73.9677,20.79796,0,31.08594,56.8,29.5,30.73001,38.97,05/08/2018
22:49:22.000,40.67413,-73.96762,22.18696,0,31.1875,56,29.6,30.73001,37.67001,05/08/2018
22:49:23.000,40.67414,-73.96754,22.9648,0,31.70313,56,29.6,30.73001,38.48999,05/08/2018
22:49:23.000,40.67414,-73.96754,22.9648,0,31.57813,55.6,29.7,30.79001,38.97,05/08/2018
22:49:23.000,40.67414,-73.96754,22.9648,0,31.26563,55.6,29.7,30.81,38.88998,05/08/2018
22:49:27.000,40.67424,-73.96725,22.33512,0,31.08594,55.1,29.8,30.79001,39.29001,05/08/2018
22:49:28.000,40.67426,-73.96719,22.44624,0,31.02344,55.1,29.8,30.79001,39.09,05/08/2018
22:49:36.000,40.67454,-73.96677,23.00184,29.5,31.30469,54.9,29.8,30.87,34.29001,05/08/2018
22:49:36.984,40.6746,-73.96675,23.31668,29.5,31.1875,54.9,29.8,30.87,35.97,05/08/2018
22:49:38.000,40.67465,-73.96673,22.76108,29.5,31.19531,54.8,29.8,30.87,36.14999,05/08/2018
22:49:39.000,40.6747,-73.96671,23.4278,29.5,31.21094,54.8,29.8,30.87,35.45001,05/08/2018
22:49:40.984,40.6748,-73.96667,23.55744,29.5,31.35938,54.7,29.8,30.91,36.76999,05/08/2018
22:49:42.000,40.67485,-73.96664,21.63136,29.5,31.55469,54.7,29.8,30.91,36.73001,05/08/2018
22:49:43.000,40.6749,-73.96662,22.11288,29.5,31.60156,54.8,29.8,30.91,37.41,05/08/2018
22:49:44.000,40.67495,-73.96659,22.74256,29.5,31.50781,54.8,29.8,30.95001,37.04999,05/08/2018
22:49:46.000,40.67506,-73.96655,22.74256,24.5,31.42188,54.8,29.9,30.97,36.57001,05/08/2018
22:49:47.000,40.67513,-73.96654,22.74256,23.9,31.21094,54.8,29.9,30.92999,40.09,05/08/2018
22:49:48.000,40.67521,-73.96653,24.11304,23.9,31.13281,54.6,29.9,30.92999,38.88998,05/08/2018
22:49:48.984,40.67527,-73.96651,24.8168,23.9,31.08594,54.6,29.9,30.95001,38.67001,05/08/2018
22:49:50.000,40.67533,-73.9665,24.76124,23.9,31.10156,54.5,29.9,30.95001,33.17001,05/08/2018
22:49:51.000,40.6754,-73.96647,24.79828,23.9,31.13281,54.5,29.9,30.95001,35.13,05/08/2018
22:49:52.984,40.67552,-73.96643,24.76124,23.9,31.10938,54.5,29.9,30.92999,32.76999,05/08/2018
22:49:54.000,40.67558,-73.96641,26.33544,23.9,31.07813,54.5,29.9,30.95001,33.25,05/08/2018
22:49:55.000,40.67565,-73.96639,25.05756,23.9,31.10938,54.5,29.9,30.92999,30.92999,05/08/2018
22:49:56.000,40.67571,-73.96636,23.66856,23.9,31.07813,54.5,29.9,30.97,30.63,05/08/2018
22:49:56.000,40.67571,-73.96636,23.66856,23.9,31.125,54.5,29.9,30.91,36.48999,05/08/2018
22:49:59.000,40.67589,-73.9663,20.94612,23.9,31.14844,54.5,29.9,30.98999,35.07001,05/08/2018
22:50:00.000,40.67594,-73.96629,18.66816,23.9,31.28125,54.7,29.9,30.97,34.60999,05/08/2018
22:50:00.984,40.67597,-73.96627,14.20484,23.9,31.4375,54.7,29.9,31.01001,37.48999,05/08/2018
22:50:02.000,40.67601,-73.96626,10.50084,23.9,31.46094,54.8,29.9,31.01001,37.92999,05/08/2018
22:50:03.000,40.67602,-73.96624,5.29672,23.9,31.46875,54.8,29.9,31.01001,38.13,05/08/2018
22:50:07.000,40.67605,-73.96621,5.94492,23.9,31.9375,54.9,29.9,31.09,39.95001,05/08/2018
22:50:08.000,40.67606,-73.96619,8.13028,23.9,32.8125,54.9,29.9,31.14999,38.92999,05/08/2018
22:50:10.000,40.67607,-73.96612,8.13028,17,33.09375,55.7,30,31.17001,37.25,05/08/2018
22:50:11.000,40.67607,-73.96607,8.13028,16.9,32.51563,55.7,30,31.19,33.47,05/08/2018
22:50:12.000,40.67606,-73.96603,14.00112,16.9,32.04688,55,30.1,31.19,32.82999,05/08/2018
22:50:12.984,40.67606,-73.96597,12.98252,16.9,31.6875,55,30.1,31.19,32.91,05/08/2018
22:50:14.000,40.67604,-73.96593,15.6494,16.9,31.79688,54.6,30,31.19,37.01001,05/08/2018
22:50:15.000,40.67603,-73.96587,18.53852,16.9,31.96094,54.6,30,31.20999,38.20999,05/08/2018
22:50:16.984,40.67601,-73.96574,18.1496,16.9,31.88281,54.7,30.1,31.23001,36.38998,05/08/2018
22:50:18.000,40.67601,-73.96569,18.13108,16.9,31.64063,54.7,30.1,31.20999,34.29001,05/08/2018
22:50:19.000,40.67601,-73.96563,18.63112,16.9,31.78125,54.2,30.1,31.23001,33.10999,05/08/2018
22:50:20.000,40.67601,-73.96557,19.98308,16.9,31.4375,54.2,30.1,31.20999,31.69,05/08/2018
22:50:22.000,40.67599,-73.96543,19.98308,19.7,31.35938,53.9,30.1,31.20999,31.60999,05/08/2018
22:50:23.000,40.67599,-73.96535,20.7424,19.7,31.35938,53.9,30.1,31.23001,32.03,05/08/2018
22:50:24.000,40.67598,-73.96529,20.81648,19.7,31.46094,53.9,30.1,31.20999,34.47,05/08/2018
22:50:24.984,40.67597,-73.96522,20.372,19.7,31.375,53.9,30.1,31.20999,36.54999,05/08/2018
22:50:39.000,40.6758,-73.96426,20.76092,0,30.94531,53.2,30.2,31.13,37.42999,05/08/2018
22:50:40.000,40.67578,-73.9642,19.33488,0,30.92969,53.2,30.2,31.13,38.25,05/08/2018
22:50:42.000,40.67575,-73.96407,18.59408,0,31.54688,53,30.1,31.14999,35.81,05/08/2018
22:50:43.000,40.67574,-73.964,18.59408,0,31.50781,53,30.1,31.17001,33.04999,05/08/2018
22:50:44.000,40.67572,-73.96394,18.50148,0,31.60156,53,30.2,31.17001,31.54999,05/08/2018
22:50:44.984,40.67571,-73.96388,18.18664,0,31.57813,53,30.2,31.19,31.63,05/08/2018
22:50:44.984,40.67571,-73.96388,18.18664,0,31.375,53.1,30.2,31.19,32.59,05/08/2018
22:50:48.000,40.67567,-73.96373,15.90868,0,31.1875,53.1,30.2,31.17001,34.42999,05/08/2018
22:50:48.984,40.67566,-73.96368,14.353,0,31.35156,53.4,30.2,31.19,37.25,05/08/2018
22:50:50.000,40.67564,-73.96363,13.3344,0,31.28125,53.4,30.2,31.17001,37.67001,05/08/2018
22:50:51.000,40.67563,-73.96359,10.9268,0,31.57813,53.5,30.2,31.20999,37.29001,05/08/2018
22:50:52.000,40.67562,-73.96355,7.90804,0,31.9375,53.5,30.2,31.23001,38.20999,05/08/2018
22:51:02.000,40.6756,-73.96346,8.85256,31.7,31.78125,54.1,30.3,31.37,39.09,05/08/2018
22:51:03.000,40.6756,-73.96342,8.87108,31.7,31.59375,53.3,30.3,31.37,38.37,05/08/2018
22:51:04.000,40.67559,-73.96339,10.26008,31.7,31.33594,53.3,30.3,31.35001,38.81,05/08/2018
22:51:06.000,40.67558,-73.96333,12.57508,31.7,31.28906,52.8,30.3,31.35001,39.54999,05/08/2018
22:51:07.000,40.67557,-73.96326,17.76068,31.7,31.33594,52.8,30.3,31.35001,40.98999,05/08/2018
22:51:08.000,40.67556,-73.9632,19.42748,31.7,31.42188,52.6,30.2,31.38998,39.63,05/08/2018
22:51:39.000,40.67506,-73.96085,22.18696,0,31.03906,51.9,30.4,31.32999,33.60999,05/08/2018
22:51:40.000,40.67505,-73.96079,21.24244,0,32.0625,51.9,30.4,31.41,33.76999,05/08/2018
22:51:40.984,40.67504,-73.96072,21.55728,0,31.85938,52,30.4,31.41,34.45001,05/08/2018
22:51:42.000,40.67502,-73.96066,21.89064,0,31.51563,52,30.4,31.38998,33.79001,05/08/2018
22:51:46.000,40.67498,-73.9604,19.00152,0,30.95313,51.5,30.5,31.38998,38.45001,05/08/2018
22:51:47.000,40.67496,-73.96033,17.01988,0,30.97656,51.5,30.5,31.37,39.13,05/08/2018
22:51:48.000,40.67495,-73.96029,14.5382,0,31.02344,51.4,30.4,31.38998,38.69,05/08/2018
22:51:48.984,40.67495,-73.96025,8.27844,0,31.05469,51.4,30.4,31.35001,38.09,05/08/2018
22:51:48.984,40.67495,-73.96025,8.27844,0,31.08594,51.5,30.5,31.38998,39.14999,05/08/2018
22:51:52.000,40.67494,-73.96019,8.27844,38.4,31.05469,51.5,30.5,31.38998,38.92999,05/08/2018
22:51:52.984,40.67494,-73.96017,6.81536,38.4,31.10156,51.6,30.4,31.38998,39.91,05/08/2018
22:51:54.000,40.67494,-73.96016,5.8338,38.4,31.10938,51.6,30.4,31.38998,40.31,05/08/2018
22:51:55.000,40.67494,-73.96013,8.00064,38.4,31.08594,51.7,30.5,31.38998,40.29001,05/08/2018
22:51:56.000,40.67494,-73.96011,8.9822,38.4,31.23438,51.7,30.5,31.42999,39.75,05/08/2018
22:51:58.000,40.67493,-73.96004,14.22336,38.4,31.21875,51.7,30.4,31.42999,39.54999,05/08/2018
22:51:59.000,40.67492,-73.95998,14.66784,38.4,31.41406,51.7,30.4,31.41,39.29001,05/08/2018
22:52:00.000,40.67492,-73.95993,14.61228,38.4,31.35938,51.9,30.5,31.42999,38.04999,05/08/2018
22:52:04.984,40.67484,-73.95964,18.92744,0,32.60938,51.9,30.5,31.54999,34.13,05/08/2018
22:52:06.000,40.67482,-73.95957,18.83484,0,32.375,51.9,30.5,31.57001,34.54999,05/08/2018
22:52:06.000,40.67482,-73.95957,18.83484,0,31.86719,51.5,30.6,31.54999,35.04999,05/08/2018
22:52:08.984,40.67476,-73.95938,18.31628,0,31.59375,51.5,30.6,31.53,34.69,05/08/2018
22:52:10.000,40.67474,-73.95932,18.22368,0,31.35938,51.2,30.6,31.53,35.45001,05/08/2018
22:52:11.000,40.67473,-73.95925,17.63104,0,31.17188,51.2,30.6,31.48999,36.60999,05/08/2018
22:52:12.000,40.67472,-73.9592,15.6494,0,31.08594,51.2,30.5,31.47,35.35001,05/08/2018
22:52:12.984,40.67472,-73.95914,13.37144,0,31.0625,51.2,30.5,31.47,35.09,05/08/2018
22:52:15.000,40.67472,-73.95905,13.22328,0,31.07813,51.3,30.5,31.42999,36.38998,05/08/2018
22:52:20.000,40.67468,-73.95881,14.98268,0,31.19531,51.4,30.5,31.41,37.42999,05/08/2018
22:52:20.984,40.67466,-73.95876,13.85296,0,31.10938,51.4,30.5,31.42999,35.98999,05/08/2018
22:52:22.000,40.67465,-73.95872,13.55664,0,31.21094,51.2,30.5,31.45001,34.03,05/08/2018
22:52:23.000,40.67464,-73.95869,11.7602,0,31.21875,51.2,30.5,31.45001,32.88998,05/08/2018
22:52:24.984,40.67463,-73.95861,11.7602,44.4,31.4375,51.1,30.5,31.42999,34.38998,05/08/2018
22:52:26.000,40.67463,-73.9586,11.7602,44.3,31.57813,51.1,30.5,31.45001,34.60999,05/08/2018